1|Matthew|Lee|MatthewLee@yahoo.com|MtwL|x%0@Ki&anm|1996-08-01|61836|332.538.4936|huge|/static/user_profile_pictures/pexels-photo-58021.jpeg
2|Patricia|Torres|PatriciaTorres@hotmail.com|PriTr|^kpvX52w2D|1999-01-15|25076|00543301160|PM|/static/user_profile_pictures/pexels-photo-634030.jpeg
3|Christopher|Griffin|ChristopherGriffin@fastmail.com|CioeGfn|@25LFFqbe#|1992-07-02|27064|070-851-6582x5353|than|/static/user_profile_pictures/pexels-photo-720606.jpeg
4|Gregory|Wilson|GregoryWilson@aol.com|GgyWs|meq#67KyV2|1985-02-23|54982|665.925.8057|summer|/static/user_profile_pictures/pexels-photo-762020.jpeg
5|Ralph|Kelly|RalphKelly@fastmail.com|RpKl|@W@9F2Sk#%|1991-02-24|80699|1-844-943-1601|anyone|/static/user_profile_pictures/pexels-photo-450271.jpeg
6|Frank|Hughes|FrankHughes@aol.com|FnHh|w2N%HXol$N|2001-12-05|84083|647.623.7982|begin|/static/user_profile_pictures/pexels-photo-734168.jpeg
7|Taylor|Stephens|TaylorStephens@aol.com|TlSpn|K^67RvQ#bd|1984-10-28|34396|155.505.4304|my|/static/user_profile_pictures/pexels-photo-295564.jpeg
8|Christian|Cervantes|ChristianCervantes@aol.com|CiiCvt|C_d3LpJe+^|1994-10-18|22026|988.188.6290|field|/static/user_profile_pictures/pexels-photo-235531.jpeg
9|John|Pollard|JohnPollard@fastmail.com|JnPld|^Bm4J5Lb0(|1988-10-07|94376|(355)200-8423|and|/static/user_profile_pictures/pexels-photo-712513.jpeg
10|Gabrielle|Walker|GabrielleWalker@fastmail.com|GrlWk|T3ZkEvjw(k|1988-10-03|67656|963-658-3457|suddenly|/static/user_profile_pictures/pexels-photo-756453.jpeg
11|Melissa|Adams|MelissaAdams@yahoo.com|MiaAm|%g6XoGsMLk|1988-03-02|92785|(434)285-0604x8222|citizen|/static/user_profile_pictures/pexels-photo-206445.jpeg
12|Eric|Allen|EricAllen@aol.com|EcAe|R7F*qgzz^!|1984-07-05|73259|962.634.6779x4276|group|/static/user_profile_pictures/pexels-photo-681793.jpeg
13|Gregory|Barnes|GregoryBarnes@gmail.com|GgyBn|Nt3^0zVCP@|1980-01-16|37070|+91(9)7417556180|involve|/static/user_profile_pictures/pexels-photo-235531.jpeg
14|Raymond|Salas|RaymondSalas@yahoo.com|RmdSa|_S_t_dPLt4|1987-04-20|77018|672-011-5679x38174|great|/static/user_profile_pictures/pexels-photo-237593.jpeg
15|Adam|Richardson|AdamRichardson@fastmail.com|AmRhdn|sGqZBySV^8|1983-01-20|98302|145.242.3176x861|night|/static/user_profile_pictures/pexels-photo-355164.jpeg
16|Michael|Thomas|MichaelThomas@aol.com|MhlTm|3C^1IgTdN#|1979-12-18|74702|02949599195|computer|/static/user_profile_pictures/pexels-photo-206445.jpeg
17|Michael|Pratt|MichaelPratt@aol.com|MhlPt|Y06HEw0n!@|1980-03-06|77564|1-866-727-8807x67686|six|/static/user_profile_pictures/pexels-photo-539727.jpeg
18|Jessica|Dunn|JessicaDunn@yahoo.com|JsaDn|76CT0sW8_E|1985-08-05|94145|01242641652|force|/static/user_profile_pictures/pexels-photo-450271.jpeg
19|James|Gutierrez|JamesGutierrez@yahoo.com|JeGir|!z4nR$7gsv|1988-10-02|23612|(234)487-1212x2409|particular|/static/user_profile_pictures/pexels-photo-295564.jpeg
20|Antonio|Wallace|AntonioWallace@aol.com|AooWle|ZtN#3W!y+&|1993-08-01|17826|02946029632|about|/static/user_profile_pictures/pexels-photo-355164.jpeg
21|Richard|Espinoza|RichardEspinoza@gmail.com|RhdEiz|!B5RbM*Skn|1979-06-05|79190|157-225-6492|significant|/static/user_profile_pictures/pexels-photo-211050.jpeg
22|Katrina|James|KatrinaJames@gmail.com|KraJe|9hW8rBN!)W|1984-06-30|90678|471.268.6650|political|/static/user_profile_pictures/pexels-photo-539727.jpeg
23|Linda|Cook|LindaCook@fastmail.com|LdCk|d4XxApof&z|1985-04-21|02769|1-571-570-7612x092|within|/static/user_profile_pictures/pexels-photo-450271.jpeg
24|Audrey|Short|AudreyShort@aol.com|ArSr|J0HNOyDf&X|1989-06-15|65055|531-475-2908|understand|/static/user_profile_pictures/pexels-photo-567459.jpeg
25|Michael|James|MichaelJames@yahoo.com|MhlJe|l%6BSF&e*i|1998-02-26|83916|147.940.2046|decade|/static/user_profile_pictures/pexels-photo-769746.jpeg
26|Carol|Anderson|CarolAnderson@hotmail.com|CoAeo|)s9W5QTPz1|1999-03-22|53273|673.442.7667|assume|/static/user_profile_pictures/pexels-photo-634030.jpeg
27|Karen|Mooney|KarenMooney@hotmail.com|KeMn|XG#%7Apa(H|2001-09-16|40147|587.062.3497x95991|economic|/static/user_profile_pictures/pexels-photo-235531.jpeg
28|Barry|Klein|BarryKlein@gmail.com|BrKi|Lm8NrVh#x%|1986-04-25|96278|+23(3)0357493552|interest|/static/user_profile_pictures/pexels-photo-91227.jpeg
29|Christopher|Hartman|ChristopherHartman@hotmail.com|CioeHtn|iU1CcP^y(4|1997-06-01|26482|(942)162-1646x9110|side|/static/user_profile_pictures/pexels-photo-705821.jpeg
30|Marc|Wallace|MarcWallace@aol.com|McWle|E4!I*6Lib@|1978-04-09|87198|846-535-9936|stage|/static/user_profile_pictures/pexels-photo-567459.jpeg
31|Stephanie|Moreno|StephanieMoreno@fastmail.com|SpnMe|(n&rUAxSe2|1998-07-20|40808|621.620.6393|order|/static/user_profile_pictures/pexels-photo-211050.jpeg
32|Jorge|Edwards|JorgeEdwards@fastmail.com|JgEas|W)W2GkYor%|1998-09-05|15567|647.754.7974|bill|/static/user_profile_pictures/pexels-photo-237593.jpeg
33|Matthew|Bennett|MatthewBennett@aol.com|MtwBnt|j4BX9v*y$b|1993-12-23|66924|1-231-830-0230x916|PM|/static/user_profile_pictures/pexels-photo-237593.jpeg
34|Thomas|Mccoy|ThomasMccoy@gmail.com|TmMo|e$0OsJvfJJ|1998-05-15|54723|(856)067-8890|responsibility|/static/user_profile_pictures/pexels-photo-237593.jpeg
35|William|Gonzales|WilliamGonzales@aol.com|WlmGze|Pvf*6QzR@4|1997-06-21|31620|721.178.6267|article|/static/user_profile_pictures/pexels-photo-237593.jpeg
36|Elizabeth|Flores|ElizabethFlores@hotmail.com|EzeFr|db9Msfp!#0|1984-05-19|59658|00872666916|hard|/static/user_profile_pictures/pexels-photo-756453.jpeg
37|Theresa|Hays|TheresaHays@aol.com|TraHs|Wz0z4Fjl(y|1997-08-31|35505|1-299-295-6407|almost|/static/user_profile_pictures/pexels-photo-428333.jpeg
38|Catherine|Collins|CatherineCollins@fastmail.com|ChiCls|#77n6LwU4q|1998-05-08|66590|(062)141-1722|change|/static/user_profile_pictures/pexels-photo-355164.jpeg
39|Kevin|Barber|KevinBarber@gmail.com|KiBb|+nx9OZRq8I|1982-05-31|56730|381-998-0950|yes|/static/user_profile_pictures/pexels-photo-681793.jpeg
40|Colleen|Farley|ColleenFarley@gmail.com|ClnFl|!a8XHB*xB)|1980-04-14|60222|135-123-4860x4532|strategy|/static/user_profile_pictures/pexels-photo-450271.jpeg
41|Daniel|Burns|DanielBurns@hotmail.com|DiBn|6XJs&rmS+i|1989-03-28|34645|861-718-6265x305|blood|/static/user_profile_pictures/pexels-photo-295564.jpeg
42|Sarah|Davis|SarahDavis@yahoo.com|SaDi|3)uO^2XaA_|1978-05-11|68877|(259)856-5068x03321|use|/static/user_profile_pictures/pexels-photo-539727.jpeg
43|Mark|Nelson|MarkNelson@yahoo.com|MkNs|)n#wcZs02f|1993-12-20|44547|415-174-3860x7937|describe|/static/user_profile_pictures/pexels-photo-227294.jpeg
44|Sharon|Kirby|SharonKirby@hotmail.com|SrKb|Ee1Iq^xng%|1993-04-01|52721|01919318457|foot|/static/user_profile_pictures/pexels-photo-769746.jpeg
45|David|Cochran|DavidCochran@fastmail.com|DiChn|FIndpzTo#3|1994-12-03|09280|01383809535|rise|/static/user_profile_pictures/pexels-photo-220453.jpeg
46|Scott|Johnson|ScottJohnson@aol.com|StJnn|s(UTRzyU_3|1982-06-25|41496|331.814.5311|add|/static/user_profile_pictures/pexels-photo-235531.jpeg
47|Sonya|Martinez|SonyaMartinez@hotmail.com|SyMte|r)3KVBrG%b|1988-08-18|23960|00210914242|natural|/static/user_profile_pictures/pexels-photo-355164.jpeg
48|Taylor|Palmer|TaylorPalmer@gmail.com|TlPm|*C$ScFaU0i|1985-05-12|72773|(175)181-5610|describe|/static/user_profile_pictures/pexels-photo-712513.jpeg
49|Paula|Proctor|PaulaProctor@aol.com|PlPcr|_D@5#Ell(^|1999-03-09|31407|(280)824-0600x934|owner|/static/user_profile_pictures/pexels-photo-567459.jpeg
50|Denise|Cox|DeniseCox@fastmail.com|DiC|*6*mPAtwe5|1987-06-23|36072|+56(3)0402046641|half|/static/user_profile_pictures/pexels-photo-756453.jpeg
51|Diana|Davenport|DianaDavenport@aol.com|DnDeo|*(E3OOApu#|1988-10-24|11145|+78(4)7481424040|college|/static/user_profile_pictures/pexels-photo-206445.jpeg
52|Martin|Young|MartinYoung@aol.com|MtYn|S^)F9JI0ds|1999-11-08|54209|1-108-549-8025|agency|/static/user_profile_pictures/pexels-photo-206445.jpeg
53|Robert|Klein|RobertKlein@fastmail.com|ReKi|ICK4fKZu)w|1989-11-06|38558|1-070-418-6574|myself|/static/user_profile_pictures/pexels-photo-91227.jpeg
54|Justine|Garcia|JustineGarcia@hotmail.com|JtGc|*TQyhL1y%4|1994-09-17|70857|768.363.0962x0094|approach|/static/user_profile_pictures/pexels-photo-705821.jpeg
55|Gregory|Grant|GregoryGrant@hotmail.com|GgyGn|(lk04OS4j#|1990-12-30|21976|904-142-7004|American|/static/user_profile_pictures/pexels-photo-91227.jpeg
56|Janet|Williams|JanetWilliams@hotmail.com|JeWlm|$90ENht)^2|1998-10-11|36372|226-316-7222|room|/static/user_profile_pictures/pexels-photo-712513.jpeg
57|Brittany|Mccann|BrittanyMccann@yahoo.com|BtnMa|)7@reWC1dc|1993-05-21|84023|09720425257|wait|/static/user_profile_pictures/pexels-photo-428333.jpeg
58|Henry|Lucas|HenryLucas@yahoo.com|HrLa|)0W58ed1zv|1991-02-16|17599|276-331-4299x9766|response|/static/user_profile_pictures/pexels-photo-567459.jpeg
59|Tyler|Sanchez|TylerSanchez@yahoo.com|TeScz|(A2@YhoKU$|1999-09-14|46563|(855)325-8179x018|thank|/static/user_profile_pictures/pexels-photo-720606.jpeg
60|Christina|Stephens|ChristinaStephens@fastmail.com|CiiSpn|8GuY6ek((x|1982-03-16|95390|+56(5)6303613038|thought|/static/user_profile_pictures/pexels-photo-355164.jpeg
61|Erica|Lin|EricaLin@gmail.com|EcL|c8(&9VhXE0|1982-10-05|46278|(812)463-2279x3551|weight|/static/user_profile_pictures/pexels-photo-235531.jpeg
62|Vincent|Davis|VincentDavis@gmail.com|VctDi|!6GmsRdtuT|1999-12-12|60002|(341)688-4163|capital|/static/user_profile_pictures/pexels-photo-681793.jpeg
63|Jaime|Miller|JaimeMiller@hotmail.com|JmMl|xSi%I5TaE%|1982-04-20|38071|513-108-3415x904|talk|/static/user_profile_pictures/pexels-photo-227294.jpeg
64|Megan|Bell|MeganBell@gmail.com|MaBl|7q0g4EfYn*|1986-03-28|73432|1-066-441-0665|young|/static/user_profile_pictures/pexels-photo-705821.jpeg
65|Jeffrey|Bowers|JeffreyBowers@gmail.com|JfyBe|_X55MovAqX|1988-08-15|19660|09563022637|see|/static/user_profile_pictures/pexels-photo-235531.jpeg
66|Cole|Horton|ColeHorton@hotmail.com|CeHt|bE0YXHqa&3|1997-09-20|16403|1-074-896-5335x9466|watch|/static/user_profile_pictures/pexels-photo-634030.jpeg
67|Teresa|Lewis|TeresaLewis@yahoo.com|TeLi|LRb2WYUd*_|1985-03-12|24766|117-815-9596|explain|/static/user_profile_pictures/pexels-photo-428333.jpeg
68|Thomas|Chen|ThomasChen@hotmail.com|TmCn|zvP)aEbM(1|1993-12-06|79892|1-843-486-9618x83248|moment|/static/user_profile_pictures/pexels-photo-450271.jpeg
69|Danny|Tate|DannyTate@gmail.com|DnTe|+7krOs2fHC|1980-11-28|69824|+97(3)8217394046|ten|/static/user_profile_pictures/pexels-photo-720606.jpeg
70|Claudia|Mullins|ClaudiaMullins@aol.com|CuaMls|&WI#AyDz0V|1983-05-25|15444|406-050-5956|fire|/static/user_profile_pictures/girl-people-landscape-sun-38554.jpeg
71|James|Robinson|JamesRobinson@yahoo.com|JeRio|!6q@IVh@0A|1999-11-24|50441|409.610.5109x399|hot|/static/user_profile_pictures/pexels-photo-734168.jpeg
72|Jason|Wilson|JasonWilson@gmail.com|JoWs|Kv1tuHPl5#|1978-09-09|19108|1-512-094-3679x75959|leg|/static/user_profile_pictures/pexels-photo-567459.jpeg
73|Lucas|Sharp|LucasSharp@yahoo.com|LaSr|14ORSArX+v|1992-10-05|28285|091-728-7103x3520|ball|/static/user_profile_pictures/pexels-photo-354951.jpeg
74|Brandon|Sawyer|BrandonSawyer@yahoo.com|BnnSy|vCCLXsau*2|1983-08-12|73918|+14(8)0965656667|gas|/static/user_profile_pictures/pexels-photo-762020.jpeg
75|Brian|Moon|BrianMoon@aol.com|BaMn|x*L9qlRd$%|1994-08-28|29355|403.203.5801x4604|stuff|/static/user_profile_pictures/pexels-photo-58021.jpeg
76|Bethany|Allen|BethanyAllen@hotmail.com|BhyAe|8saS9bHh@5|1985-12-26|61438|156.020.9726x4091|three|/static/user_profile_pictures/pexels-photo-762020.jpeg
77|Jonathan|Jensen|JonathanJensen@gmail.com|JaaJs|^pCl$GxVa7|1997-07-02|02791|761.789.5774|itself|/static/user_profile_pictures/pexels-photo-681793.jpeg
78|Christina|Martin|ChristinaMartin@fastmail.com|CiiMt|(D5CZKu*6R|1980-11-04|90259|(324)514-8346|plant|/static/user_profile_pictures/pexels-photo-450271.jpeg
79|Johnathan|Hayes|JohnathanHayes@aol.com|JnhHe|*5FBxYOe1E|1995-05-15|88178|1-242-941-6618|long|/static/user_profile_pictures/pexels-photo-91227.jpeg
80|Devin|Nguyen|DevinNguyen@hotmail.com|DiNy|*cwHyWbw*5|1982-09-19|83362|1-108-924-0895x008|protect|/static/user_profile_pictures/pexels-photo-769746.jpeg
81|Alexis|Lynn|AlexisLynn@fastmail.com|AxLn|(yKF07uh2d|1995-07-19|21471|842.514.5251|would|/static/user_profile_pictures/pexels-photo-539727.jpeg
82|Riley|Orozco|RileyOrozco@fastmail.com|ReOz|&wOofLloI5|1981-12-12|47354|+74(9)8694623145|small|/static/user_profile_pictures/pexels-photo-720606.jpeg
83|Matthew|Boyd|MatthewBoyd@fastmail.com|MtwBd|p5XCAu_V)K|1993-09-11|03449|637-909-0938x535|after|/static/user_profile_pictures/pexels-photo-720606.jpeg
84|James|Ward|JamesWard@yahoo.com|JeWd|XJp3Z02c#9|1983-02-28|19605|847.443.3487|want|/static/user_profile_pictures/pexels-photo-762020.jpeg
85|Robert|Huffman|RobertHuffman@fastmail.com|ReHfn|9_%5K@Anf9|2000-02-06|76634|+02(9)0061495602|full|/static/user_profile_pictures/pexels-photo-705821.jpeg
86|David|Martinez|DavidMartinez@yahoo.com|DiMte|n_m6#Da)S%|1986-11-08|76611|176-552-9199x406|most|/static/user_profile_pictures/pexels-photo-237593.jpeg
87|Travis|Wallace|TravisWallace@gmail.com|TvWle|+5)2DoTVyA|1985-03-28|14444|1-723-018-0084x959|food|/static/user_profile_pictures/pexels-photo-734168.jpeg
88|April|Gonzalez|AprilGonzalez@aol.com|AiGze|@%eO0IxIlJ|1994-03-16|51714|1-627-453-2770x229|well|/static/user_profile_pictures/pexels-photo-681793.jpeg
89|Cody|Wells|CodyWells@gmail.com|CyWl|I*Q44QZ_Lo|1980-08-09|03344|236-284-3947|send|/static/user_profile_pictures/pexels-photo-220453.jpeg
90|Andrew|Gonzalez|AndrewGonzalez@fastmail.com|ArGze|&VU56Kesul|2001-04-29|10772|762-810-4396x95485|feel|/static/user_profile_pictures/pexels-photo-235531.jpeg
91|Michael|Ward|MichaelWard@fastmail.com|MhlWd|3$6HKMxjgV|1978-12-28|10152|1-780-138-3701x723|know|/static/user_profile_pictures/pexels-photo-227294.jpeg
92|David|Serrano|DavidSerrano@hotmail.com|DiSro|_XzJI!hX4e|1979-11-15|42098|+53(4)5898946542|message|/static/user_profile_pictures/pexels-photo-734168.jpeg
93|Lisa|Griffith|LisaGriffith@gmail.com|LaGft|0#E8DUbkR@|1983-03-11|08687|(042)220-6997x47115|if|/static/user_profile_pictures/pexels-photo-774909.jpeg
94|James|Moore|JamesMoore@aol.com|JeMr|H6lTz3GM&+|1997-06-16|75877|822.975.2085x47413|into|/static/user_profile_pictures/pexels-photo-211050.jpeg
95|Samantha|King|SamanthaKing@aol.com|SahKg|#50KlOqbjc|1990-06-16|18380|562.460.7456x8348|usually|/static/user_profile_pictures/pexels-photo-705821.jpeg
96|John|Benson|JohnBenson@fastmail.com|JnBs|)8P9zlOO4l|1978-05-25|71779|331-558-9211|although|/static/user_profile_pictures/pexels-photo-762020.jpeg
97|Jennifer|Martin|jennifermartin@aol.com|JneMt|esgY2UPd!l|1998-02-19|08424|1-702-597-1304x49751|ready|/static/user_profile_pictures/pexels-photo-774909.jpeg
98|Ryan|Mcpherson|RyanMcpherson@hotmail.com|RnMhs|t&T9MNVb5_|1986-05-16|84926|375-274-8296|common|/static/user_profile_pictures/pexels-photo-325682.jpeg
99|Tammy|Jackson|TammyJackson@yahoo.com|TmJkn|Kr66B4j$+#|1981-07-18|18771|+94(9)8338727655|indicate|/static/user_profile_pictures/pexels-photo-634030.jpeg
100|Ernest|Reyes|ErnestReyes@yahoo.com|EeRe|+0KCV_Wzns|1996-09-26|25550|288.640.6003|read|/static/user_profile_pictures/pexels-photo-220453.jpeg
101|Mark|Watkins|MarkWatkins@hotmail.com|MkWks|0+m4DSfFNO|1996-08-06|22496|755-143-0507|carry|/static/user_profile_pictures/pexels-photo-539727.jpeg
102|David|Reyes|DavidReyes@fastmail.com|DiRe|_+TpV1bJ)8|2001-08-01|39290|1-276-663-4927|Mr|/static/user_profile_pictures/pexels-photo-355164.jpeg
103|Bradley|Kelly|BradleyKelly@yahoo.com|BdyKl|4qb2XrHy#e|1978-05-02|50215|367-231-3445x0456|ability|/static/user_profile_pictures/pexels-photo-354951.jpeg
104|James|Gill|JamesGill@yahoo.com|JeGl|^c+1hkQd)(|1978-09-15|10751|(456)889-7524|difficult|/static/user_profile_pictures/pexels-photo-91227.jpeg
105|Philip|Henry|PhilipHenry@yahoo.com|PlHr|i@n5Iougs)|1980-06-05|49391|177-832-3634x03915|step|/static/user_profile_pictures/pexels-photo-211050.jpeg
106|Kenneth|Anderson|KennethAnderson@fastmail.com|KnhAeo|AuUHl!cE^7|1995-09-26|43982|+63(0)7666278277|they|/static/user_profile_pictures/pexels-photo-428333.jpeg
107|Sarah|Meyer|SarahMeyer@aol.com|SaMe|*7fNE3ScY)|1991-09-14|14160|06568769325|my|/static/user_profile_pictures/pexels-photo-235531.jpeg
108|Jasmine|Russell|JasmineRussell@hotmail.com|JmeRsl|L*r1X+mgpx|1988-05-16|03625|1-182-235-0815x9782|travel|/static/user_profile_pictures/pexels-photo-354951.jpeg
109|Christopher|Mcgrath|ChristopherMcgrath@yahoo.com|CioeMrh|P(8WT0Alkw|1991-05-21|60770|448-208-8488x5165|number|/static/user_profile_pictures/pexels-photo-539727.jpeg
110|Monique|Thompson|MoniqueThompson@gmail.com|MieTmo|og&N4Pp#Sl|1991-02-10|87317|1-842-604-3687|your|/static/user_profile_pictures/pexels-photo-91227.jpeg
111|Laurie|Flores|LaurieFlores@yahoo.com|LrFr|#yNrPZ^l60|1984-04-09|91776|(346)766-4043|nothing|/static/user_profile_pictures/pexels-photo-634030.jpeg
112|Jacob|Wilson|JacobWilson@gmail.com|JoWs|b&)V6QNvgZ|1983-03-05|42585|486-661-2362|likely|/static/user_profile_pictures/pexels-photo-220453.jpeg
113|Todd|Roy|ToddRoy@fastmail.com|TdR|gR)Q9CmhL!|1992-01-30|19501|1-997-785-4733|raise|/static/user_profile_pictures/pexels-photo-567459.jpeg
114|Richard|Owens|RichardOwens@aol.com|RhdOn|jK(9G^wmp3|1984-07-23|20410|1-129-128-7497|let|/static/user_profile_pictures/pexels-photo-539727.jpeg
115|Holly|Lee|HollyLee@aol.com|HlL|_5PGaHL9_b|1986-08-05|01307|037-173-1133|probably|/static/user_profile_pictures/pexels-photo-295564.jpeg
116|Martin|Chapman|MartinChapman@gmail.com|MtCpn|$5dC$f#qyn|1993-01-09|84323|326-215-0583|color|/static/user_profile_pictures/pexels-photo-220453.jpeg
117|Rachel|White|RachelWhite@hotmail.com|RhWt|_*J1Ik2nL4|1986-08-21|97450|027-595-2487x197|enjoy|/static/user_profile_pictures/pexels-photo-58021.jpeg
118|Chelsea|Warner|ChelseaWarner@fastmail.com|ClaWn|f4CTQxcm(f|1981-02-16|04214|137.997.6620x386|beautiful|/static/user_profile_pictures/pexels-photo-325682.jpeg
119|Ricardo|Simpson|RicardoSimpson@gmail.com|RaoSpn|09MJwi&L*2|1987-05-09|56579|863-914-1129x9256|note|/static/user_profile_pictures/pexels-photo-91227.jpeg
120|Nicholas|Matthews|NicholasMatthews@yahoo.com|NhaMtw|!ZNPxi%m4*|1989-04-05|96786|692.459.9027x367|own|/static/user_profile_pictures/pexels-photo-734168.jpeg
121|Jonathan|Jones|JonathanJones@gmail.com|JaaJe|6&_m1Ghsij|1995-12-02|18891|(693)417-7462x364|her|/static/user_profile_pictures/pexels-photo-450271.jpeg
122|Tara|Love|TaraLove@hotmail.com|TaLe|T0RSjbPT(g|1982-07-16|20420|449-241-5887x080|increase|/static/user_profile_pictures/pexels-photo-450271.jpeg
123|Connie|Newton|ConnieNewton@hotmail.com|CnNt|#oXmduu52n|1997-06-27|20038|1-752-143-7643x82730|more|/static/user_profile_pictures/pexels-photo-206445.jpeg
124|Judy|Fowler|JudyFowler@yahoo.com|JyFl|79@EK3QxEq|1986-09-05|95310|(211)159-8712x1759|south|/static/user_profile_pictures/pexels-photo-295564.jpeg
125|Melissa|Wade|MelissaWade@yahoo.com|MiaWe|%p7EldUS4+|1998-05-24|15050|07387654241|white|/static/user_profile_pictures/pexels-photo-720606.jpeg
126|Carrie|Brown|CarrieBrown@yahoo.com|CrBw|+1Q!wotS&t|1986-07-04|41687|+84(8)5626250423|she|/static/user_profile_pictures/pexels-photo-237593.jpeg
127|Jessica|Blair|JessicaBlair@hotmail.com|JsaBi|6juUL3&z!2|1995-06-08|29700|(393)751-9613x9227|last|/static/user_profile_pictures/pexels-photo-235531.jpeg
128|Henry|Mckinney|HenryMckinney@gmail.com|HrMie|*bEb546*$7|1979-05-14|88422|1-966-080-4857x577|responsibility|/static/user_profile_pictures/pexels-photo-769746.jpeg
129|Benjamin|Taylor|BenjaminTaylor@yahoo.com|BjiTl|G!2KYtT2GN|1980-06-16|33764|162.064.2174x20963|including|/static/user_profile_pictures/pexels-photo-354951.jpeg
130|Kristina|Martinez|KristinaMartinez@hotmail.com|KsnMte|b)54gLmfV0|1994-12-26|51886|(547)731-7365x490|agent|/static/user_profile_pictures/pexels-photo-539727.jpeg
131|Kyle|Garcia|KyleGarcia@yahoo.com|KeGc|W9qIh@rY$2|1985-07-14|37601|(107)672-7207|bring|/static/user_profile_pictures/pexels-photo-736716.jpeg
132|Tiffany|Moyer|TiffanyMoyer@aol.com|TfyMe|&7c1EptM6H|1999-11-14|37046|(402)487-2627|rise|/static/user_profile_pictures/pexels-photo-567459.jpeg
133|Kyle|Luna|KyleLuna@hotmail.com|KeLa|A#5%U7Fd(8|1982-08-16|21060|1-169-273-2299x7359|increase|/static/user_profile_pictures/pexels-photo-450271.jpeg
134|Victoria|Martinez|VictoriaMartinez@hotmail.com|VtiMte|(02v5Kmpb_|1989-10-15|35584|(705)974-1504x7039|walk|/static/user_profile_pictures/pexels-photo-634030.jpeg
135|Alexander|Flores|AlexanderFlores@yahoo.com|AxdFr|W6om8BrA)M|1988-11-19|91917|1-955-631-7368x1901|citizen|/static/user_profile_pictures/pexels-photo-354951.jpeg
136|Mark|Smith|MarkSmith@yahoo.com|MkSt|&LB03OOx(s|1991-07-07|71457|394-271-5849x6229|might|/static/user_profile_pictures/pexels-photo-295564.jpeg
137|Eddie|Mason|EddieMason@gmail.com|EiMo|IzaV0vy$_9|1980-12-31|67444|+31(4)3742990242|along|/static/user_profile_pictures/pexels-photo-428333.jpeg
138|Brian|Flores|BrianFlores@gmail.com|BaFr|)K9UeKqT)I|1979-01-14|06931|1-682-165-9537|very|/static/user_profile_pictures/pexels-photo-211050.jpeg
139|Dana|Bates|DanaBates@gmail.com|DnBe|b^vX(!hd!5|1981-10-29|50316|754.044.5991|pressure|/static/user_profile_pictures/pexels-photo-756453.jpeg
140|Kathy|Ray|KathyRay@aol.com|KhR|91SWd$co!a|1997-06-25|80933|752.062.5043x39952|tell|/static/user_profile_pictures/pexels-photo-769746.jpeg
141|Mark|Pitts|MarkPitts@gmail.com|MkPt|d*64ENxvPW|1982-11-05|87001|1-054-428-8516|my|/static/user_profile_pictures/pexels-photo-235531.jpeg
142|Charles|Brooks|CharlesBrooks@fastmail.com|CrsBo|0UBCk%el$s|1984-12-12|46890|918-538-4453|understand|/static/user_profile_pictures/pexels-photo-774909.jpeg
143|Lisa|Crosby|LisaCrosby@fastmail.com|LaCs|%xRXGMb7F1|2000-01-16|85417|019.938.3965|actually|/static/user_profile_pictures/pexels-photo-681793.jpeg
144|Audrey|Bryan|AudreyBryan@hotmail.com|ArBa|$nbTUAKwC2|1988-05-25|87013|+22(1)5240403583|room|/static/user_profile_pictures/pexels-photo-720606.jpeg
145|Robin|Martinez|RobinMartinez@yahoo.com|RiMte|R!g+71NdLM|1994-02-18|00764|260.895.7006|choose|/static/user_profile_pictures/pexels-photo-734168.jpeg
146|Samuel|Cannon|SamuelCannon@aol.com|SuCn|+)5Yftfx&^|1996-12-19|27333|(198)262-0999|country|/static/user_profile_pictures/pexels-photo-220453.jpeg
147|Vincent|Taylor|VincentTaylor@yahoo.com|VctTl|i6dKHwm+)f|2001-01-17|33779|131.075.6277x5680|by|/static/user_profile_pictures/pexels-photo-774909.jpeg
148|Kelsey|Harrison|KelseyHarrison@hotmail.com|KsHro|As(LdXWY%8|1999-09-10|47495|1-731-883-0976|fill|/static/user_profile_pictures/pexels-photo-58021.jpeg
149|Luis|Krause|LuisKrause@fastmail.com|LsKu|!)ODj0Mu$)|1988-01-17|82732|05209858535|article|/static/user_profile_pictures/pexels-photo-769746.jpeg
150|Mackenzie|Rodriguez|MackenzieRodriguez@fastmail.com|MkzRru|v02uH#uF)v|1997-06-11|69277|1-237-008-4825x2753|say|/static/user_profile_pictures/pexels-photo-58021.jpeg
151|Matthew|Mann|MatthewMann@yahoo.com|MtwMn|$R6EEXzAvh|1999-05-28|66585|+51(5)6598710289|thought|/static/user_profile_pictures/pexels-photo-720606.jpeg
152|Jennifer|Suarez|JenniferSuarez@fastmail.com|JneSr|t5bT8Sv_&t|2001-12-01|50397|689.272.3986x26472|challenge|/static/user_profile_pictures/pexels-photo-681793.jpeg
153|Suzanne|Knox|SuzanneKnox@aol.com|SaeKx|Er012Ks!+3|1987-01-12|15722|1-131-166-6565x5554|town|/static/user_profile_pictures/pexels-photo-450271.jpeg
154|Jeffrey|Manning|JeffreyManning@hotmail.com|JfyMng|&to)4*Qg3c|1981-05-31|28609|482.515.0450x1529|focus|/static/user_profile_pictures/pexels-photo-774909.jpeg
155|Molly|Moore|MollyMoore@gmail.com|MlMr|zT9Ntbha^W|1986-06-23|54635|358.972.1987x40094|hand|/static/user_profile_pictures/pexels-photo-211050.jpeg
156|Paul|Greene|PaulGreene@fastmail.com|PlGe|*VE$Bz(mo2|1998-07-10|59708|+77(8)1416643475|race|/static/user_profile_pictures/pexels-photo-774909.jpeg
157|Ricky|Reese|RickyReese@gmail.com|RkRs|61udw#2P(c|1993-03-25|54164|1-561-357-9906x979|we|/static/user_profile_pictures/pexels-photo-539727.jpeg
158|Joseph|Ortiz|JosephOrtiz@yahoo.com|JeOi|*iPR+14KA6|1978-10-12|67469|296-108-2927|want|/static/user_profile_pictures/pexels-photo-450271.jpeg
159|Heather|Roach|HeatherRoach@fastmail.com|HtrRc|5#39lAcN&#|1982-05-03|99529|151-729-5659|beyond|/static/user_profile_pictures/pexels-photo-325682.jpeg
160|Joshua|Russell|JoshuaRussell@gmail.com|JhRsl|9S^I_3Qh9y|1997-08-21|80046|02340624788|turn|/static/user_profile_pictures/pexels-photo-220453.jpeg
161|Alex|Wright|AlexWright@hotmail.com|AxWg|Xs9Y$_Ry+4|1985-01-01|78821|1-998-736-6772x7852|listen|/static/user_profile_pictures/pexels-photo-428333.jpeg
162|Jimmy|Cook|JimmyCook@gmail.com|JmCk|$8H1i2yhAe|1982-11-07|48247|456.253.3976|behind|/static/user_profile_pictures/pexels-photo-220453.jpeg
163|David|Parks|DavidParks@gmail.com|DiPk|gZ#PX5Jn2c|2000-08-28|28390|762-048-6910|myself|/static/user_profile_pictures/pexels-photo-227294.jpeg
164|Joshua|White|JoshuaWhite@fastmail.com|JhWt|O2Plo3Y(!u|1998-05-13|77015|(153)318-5045x9246|size|/static/user_profile_pictures/pexels-photo-428333.jpeg
165|Ryan|Wood|RyanWood@yahoo.com|RnWd|@4m$+O_nuk|1980-08-10|44840|1-334-659-1683x852|movie|/static/user_profile_pictures/pexels-photo-705821.jpeg
166|Robert|Dixon|RobertDixon@yahoo.com|ReDo|)0UxBirp2O|1985-12-06|26586|428.664.4743|add|/static/user_profile_pictures/pexels-photo-58021.jpeg
167|Russell|Bradley|RussellBradley@aol.com|RslBdy|*aM9H1b(6y|1997-11-18|52576|00780541115|plan|/static/user_profile_pictures/pexels-photo-237593.jpeg
168|Danielle|Bates|DanielleBates@aol.com|DilBe|qO_&$3KyyN|1981-02-04|71136|(929)923-3598x870|sport|/static/user_profile_pictures/pexels-photo-567459.jpeg
169|Tammy|Rodriguez|TammyRodriguez@yahoo.com|TmRru|e06Yksc6#w|1984-10-29|30786|640.050.6323|lawyer|/static/user_profile_pictures/pexels-photo-734168.jpeg
170|Robert|Jackson|RobertJackson@hotmail.com|ReJkn|i(5kURh7Uh|2001-08-04|90240|+40(7)4445480438|democratic|/static/user_profile_pictures/pexels-photo-774909.jpeg
171|John|Walter|JohnWalter@aol.com|JnWt|*xUE6i%yC5|1982-07-17|61394|264.355.9047x377|onto|/static/user_profile_pictures/pexels-photo-235531.jpeg
172|Stephanie|Allen|StephanieAllen@aol.com|SpnAe|jaw*1VZew$|2001-12-09|26385|1-509-044-5060|whose|/static/user_profile_pictures/pexels-photo-774909.jpeg
173|Courtney|Anderson|CourtneyAnderson@hotmail.com|CreAeo|4%58TSTbyn|1983-01-31|53158|+86(4)2050026812|produce|/static/user_profile_pictures/pexels-photo-774909.jpeg
174|Amanda|Ward|AmandaWard@fastmail.com|AnWd|U6dA#Gsl^9|1997-07-01|90427|836.658.6437x167|own|/static/user_profile_pictures/pexels-photo-227294.jpeg
175|Elizabeth|Garza|ElizabethGarza@gmail.com|EzeGz|R3mNKnam!G|2001-10-27|99779|1-628-224-5575x47750|whose|/static/user_profile_pictures/pexels-photo-762020.jpeg
176|Phillip|Gilbert|PhillipGilbert@hotmail.com|PlpGbt|#Al)wDiM*5|1994-03-25|54645|379.411.8133|performance|/static/user_profile_pictures/pexels-photo-681793.jpeg
177|Gilbert|Johnson|GilbertJohnson@gmail.com|GbtJnn|7rCqL@BZ&6|1980-06-30|02648|279-692-8601|maybe|/static/user_profile_pictures/pexels-photo-567459.jpeg
178|Diana|Medina|DianaMedina@yahoo.com|DnMi|!p94$Eeky$|1980-09-23|49883|720-338-3355|he|/static/user_profile_pictures/pexels-photo-681793.jpeg
179|Jacob|Ramos|JacobRamos@yahoo.com|JoRo|+7yXHpBDLG|1985-07-12|01557|(363)011-1171|early|/static/user_profile_pictures/pexels-photo-634030.jpeg
180|Mark|Roberts|MarkRoberts@hotmail.com|MkRes|+Ii7V3qs+Q|1984-03-26|63079|058-376-0842x201|other|/static/user_profile_pictures/pexels-photo-705821.jpeg
181|Heidi|Robinson|HeidiRobinson@aol.com|HdRio|3I8@7Jg#m#|1981-05-05|61984|501-054-3850|state|/static/user_profile_pictures/pexels-photo-206445.jpeg
182|Wanda|Ross|WandaRoss@gmail.com|WdRs|$h#UD$Id13|1988-04-21|22062|(931)325-8303x607|always|/static/user_profile_pictures/pexels-photo-734168.jpeg
183|Ann|Stark|AnnStark@hotmail.com|ASr|(4XH*L%*Yo|1993-10-24|33958|947.679.2701x8349|man|/static/user_profile_pictures/pexels-photo-734168.jpeg
184|Nathan|Oliver|NathanOliver@hotmail.com|NhOv|4TyZG(wS%9|1978-11-26|98594|431.386.5451|without|/static/user_profile_pictures/pexels-photo-769746.jpeg
185|Emily|Smith|EmilySmith@fastmail.com|ElSt|OT%JF1TxB)|1989-04-26|13080|1-773-743-6641|trade|/static/user_profile_pictures/pexels-photo-681793.jpeg
186|Johnny|Collins|JohnnyCollins@aol.com|JnCls|tWc)3P3o$d|1999-02-18|88276|(257)369-8335x653|purpose|/static/user_profile_pictures/pexels-photo-428333.jpeg
187|Mark|Kramer|MarkKramer@fastmail.com|MkKm|)8qpNQPw&y|1992-02-07|93752|(370)135-5655|suggest|/static/user_profile_pictures/pexels-photo-237593.jpeg
188|Chad|Thomas|ChadThomas@aol.com|CdTm|8GRi9mlo@G|1997-09-23|62511|125-716-2761x923|together|/static/user_profile_pictures/pexels-photo-567459.jpeg
189|Pamela|Lee|PamelaLee@gmail.com|PeL|(G8VqKdXbS|2001-07-25|25029|(779)368-5317x067|everything|/static/user_profile_pictures/pexels-photo-295564.jpeg
190|Alfred|Cox|AlfredCox@yahoo.com|ArC|!)JQL$wy15|1987-04-26|71815|1-746-697-0338|politics|/static/user_profile_pictures/pexels-photo-567459.jpeg
191|Daniel|Kelly|DanielKelly@fastmail.com|DiKl|9%Vz%fCn@E|1994-01-09|33817|244-822-7515x57143|summer|/static/user_profile_pictures/pexels-photo-756453.jpeg
192|Jennifer|Cox|JenniferCox@hotmail.com|JneC|#L$yOSlE8e|1979-06-24|84354|734-072-8321x790|place|/static/user_profile_pictures/pexels-photo-712513.jpeg
193|Janet|Moore|JanetMoore@hotmail.com|JeMr|^@@WrfMt41|1983-12-31|07893|990-826-8410x4315|total|/static/user_profile_pictures/pexels-photo-634030.jpeg
194|Colleen|Mills|ColleenMills@hotmail.com|ClnMl|$cd52wLvL6|1987-06-23|88323|(383)448-8249|city|/static/user_profile_pictures/pexels-photo-705821.jpeg
195|David|Berg|DavidBerg@aol.com|DiBg|_6M2mIzVB5|1986-05-29|12581|(991)136-1580x0407|think|/static/user_profile_pictures/pexels-photo-756453.jpeg
196|Carolyn|Brown|CarolynBrown@fastmail.com|ConBw|lNH_9&Yea)|1992-06-04|62609|(946)138-7240x8451|cause|/static/user_profile_pictures/pexels-photo-681793.jpeg
197|Johnny|Phillips|JohnnyPhillips@yahoo.com|JnPlp|#AM##X5x%4|1984-09-25|67310|(346)128-1747x7706|half|/static/user_profile_pictures/pexels-photo-774909.jpeg
198|Derrick|Powell|DerrickPowell@gmail.com|DrkPe|Ep4RKxv0+3|1997-12-17|17689|959-022-3061x80656|he|/static/user_profile_pictures/pexels-photo-567459.jpeg
199|Jesse|Smith|JesseSmith@fastmail.com|JsSt|+FgAv8Dq92|1990-11-27|80377|077.435.4550x4938|now|/static/user_profile_pictures/pexels-photo-220453.jpeg
200|Brandon|Gomez|BrandonGomez@yahoo.com|BnnGe|$tZBX9dNy9|1990-06-26|54524|+44(8)7032576489|actually|/static/user_profile_pictures/pexels-photo-712513.jpeg
201|Gregory|George|GregoryGeorge@aol.com|GgyGr|&29wLKohiN|1996-11-24|83219|541.896.6812x35705|right|/static/user_profile_pictures/pexels-photo-58021.jpeg
202|Christopher|Anderson|ChristopherAnderson@gmail.com|CioeAeo|tW8^q6Dlde|1989-09-28|44937|194.164.4268x65148|involve|/static/user_profile_pictures/pexels-photo-428333.jpeg
203|Austin|Ramsey|AustinRamsey@aol.com|AtRs|$Ih9UOOlU9|2000-03-21|21794|1-649-150-6858x04577|over|/static/user_profile_pictures/pexels-photo-705821.jpeg
204|James|Williams|JamesWilliams@aol.com|JeWlm|PCW9CzEZ+G|1979-11-21|87792|(035)739-1401x229|civil|/static/user_profile_pictures/pexels-photo-235531.jpeg
205|Tina|Martin|TinaMartin@fastmail.com|TaMt|8SxEBY2w_1|1998-09-10|38344|(507)845-6657x662|choose|/static/user_profile_pictures/pexels-photo-720606.jpeg
206|Jennifer|Calderon|JenniferCalderon@yahoo.com|JneCdo|z9Y2Q1yL$R|1984-07-14|81896|937-820-0955|job|/static/user_profile_pictures/pexels-photo-762020.jpeg
207|Jessica|Fitzpatrick|JessicaFitzpatrick@gmail.com|JsaFztc|@0CP9Q0h*x|1987-03-10|95989|776-820-2351|red|/static/user_profile_pictures/pexels-photo-567459.jpeg
208|Brian|Harris|BrianHarris@gmail.com|BaHr|rE@71MgIVo|1986-01-03|61280|07978616738|finish|/static/user_profile_pictures/pexels-photo-769746.jpeg
209|Jeremiah|Edwards|JeremiahEdwards@fastmail.com|JeaEas|A!1Tj9RW6H|1992-12-17|82736|548.124.2800x71134|vote|/static/user_profile_pictures/pexels-photo-720606.jpeg
210|Thomas|Webb|ThomasWebb@fastmail.com|TmWb|%*LQdta^_1|2000-04-16|60024|750.764.0837x0093|say|/static/user_profile_pictures/pexels-photo-734168.jpeg
211|Jeff|Colon|JeffColon@aol.com|JfCo|H_3s6Ekn+T|2000-03-02|00519|(868)755-5421|push|/static/user_profile_pictures/pexels-photo-720606.jpeg
212|Tricia|Brewer|TriciaBrewer@yahoo.com|TcBw|m1U9K@nW^U|1981-10-07|69154|680-600-0152x48730|first|/static/user_profile_pictures/pexels-photo-681793.jpeg
213|Arthur|Robinson|ArthurRobinson@aol.com|AhRio|+2Y)qlwlZe|1988-06-22|37945|00657207729|like|/static/user_profile_pictures/pexels-photo-91227.jpeg
214|Lori|Garcia|LoriGarcia@gmail.com|LiGc|)3_WdYVkHS|2000-07-05|74398|842.618.7364x944|responsibility|/static/user_profile_pictures/pexels-photo-720606.jpeg
215|Marvin|West|MarvinWest@yahoo.com|MvWt|)E8WjgQm2B|1996-05-01|95729|+85(3)9447049253|seem|/static/user_profile_pictures/pexels-photo-769746.jpeg
216|Michele|Sullivan|MicheleSullivan@fastmail.com|MheSla|nZ3WTZu6U+|1995-08-26|10350|702-518-1813x72502|wait|/static/user_profile_pictures/pexels-photo-769746.jpeg
217|Amanda|Brady|AmandaBrady@aol.com|AnBd|11U9Yr10)w|2001-04-20|90518|1-049-908-5218|color|/static/user_profile_pictures/pexels-photo-325682.jpeg
218|Andrew|Craig|AndrewCraig@fastmail.com|ArCi|(H7W4mCqB!|1979-11-16|80287|052.333.0401|official|/static/user_profile_pictures/pexels-photo-220453.jpeg
219|Andrew|Cole|AndrewCole@fastmail.com|ArCe|^rPI0XBqZ%|1986-12-21|48805|(113)170-7974|tell|/static/user_profile_pictures/pexels-photo-227294.jpeg
220|Timothy|Humphrey|TimothyHumphrey@aol.com|ToyHpe|&HYua9gOC9|1999-02-14|50702|1-888-622-1440|price|/static/user_profile_pictures/pexels-photo-220453.jpeg
221|Nathaniel|Smith|NathanielSmith@hotmail.com|NhiSt|nX7oSVasr+|1983-04-13|88294|(801)735-7788x4639|stage|/static/user_profile_pictures/pexels-photo-705821.jpeg
222|Gregory|Hardy|GregoryHardy@hotmail.com|GgyHd|_3UynvIdQ$|1979-04-16|91315|196-725-8954x332|certainly|/static/user_profile_pictures/pexels-photo-634030.jpeg
223|David|Parks|DavidParks@yahoo.com|DiPk|@2&PdGTlE3|1987-01-18|90362|(916)060-8222|level|/static/user_profile_pictures/pexels-photo-762020.jpeg
224|Sandra|Myers|SandraMyers@yahoo.com|SdMr|j7s2OqHz!_|1984-03-18|35878|108-346-0592|card|/static/user_profile_pictures/pexels-photo-756453.jpeg
225|David|Thomas|DavidThomas@fastmail.com|DiTm|w1H1J9S#)9|1988-05-25|70353|1-519-862-8269|I|/static/user_profile_pictures/pexels-photo-634030.jpeg
226|Brent|Griffith|BrentGriffith@hotmail.com|BnGft|%4nIELlg4B|1983-11-17|61243|994-499-4855|big|/static/user_profile_pictures/pexels-photo-237593.jpeg
227|Mary|Ross|MaryRoss@hotmail.com|MyRs|wR899LxW(x|1983-04-30|29063|292-787-7209x396|road|/static/user_profile_pictures/pexels-photo-450271.jpeg
228|Gregory|Chavez|GregoryChavez@gmail.com|GgyCv|&08ZI%oAg7|1990-10-13|19725|03901330543|off|/static/user_profile_pictures/pexels-photo-237593.jpeg
229|Caroline|Mckinney|CarolineMckinney@gmail.com|ConMie|y)*u7SHbNB|1989-03-10|11722|1-578-080-2734|upon|/static/user_profile_pictures/pexels-photo-539727.jpeg
230|Hailey|Mccoy|HaileyMccoy@aol.com|HlMo|_6V^xz#vL6|1992-05-05|46323|340.998.1253x045|morning|/static/user_profile_pictures/pexels-photo-220453.jpeg
231|Michael|Coleman|MichaelColeman@fastmail.com|MhlCen|+a1ZsdOanD|1994-10-12|81575|388.553.7040x32868|morning|/static/user_profile_pictures/pexels-photo-428333.jpeg
232|Jose|Rodriguez|JoseRodriguez@yahoo.com|JeRru|*5x3CEajl+|2000-06-09|03690|(073)103-0858|might|/static/user_profile_pictures/pexels-photo-774909.jpeg
233|Wendy|Young|WendyYoung@yahoo.com|WdYn|TTJ+mo)y^2|1982-09-09|03783|012-703-4007x3939|him|/static/user_profile_pictures/pexels-photo-355164.jpeg
234|Nicholas|Reyes|NicholasReyes@yahoo.com|NhaRe|0Jb+9M4w*!|1992-12-08|91898|1-919-693-4778x010|deal|/static/user_profile_pictures/pexels-photo-567459.jpeg
235|Joseph|Martinez|JosephMartinez@yahoo.com|JeMte|1Q3_K4LjOf|1998-04-24|59041|1-816-955-0990x9389|game|/static/user_profile_pictures/pexels-photo-634030.jpeg
236|Sean|Mora|SeanMora@gmail.com|SnMa|CnJ3Aadk!%|1983-12-14|43774|286.782.1427|should|/static/user_profile_pictures/pexels-photo-211050.jpeg
237|Michael|Petty|MichaelPetty@yahoo.com|MhlPt|R3R0)l%M@o|1997-07-10|85784|929-859-0438x65852|ask|/static/user_profile_pictures/pexels-photo-211050.jpeg
238|Elizabeth|Velazquez|ElizabethVelazquez@yahoo.com|EzeVau|wHL(QD&j*3|1999-02-26|60151|08179968338|music|/static/user_profile_pictures/pexels-photo-211050.jpeg
239|Michael|Mcclain|MichaelMcclain@hotmail.com|MhlMln|%5XVlAhU@j|1999-11-03|24587|794-234-8522x505|short|/static/user_profile_pictures/pexels-photo-450271.jpeg
240|Bridget|Cervantes|BridgetCervantes@hotmail.com|BdtCvt|@nV3XqaG0Y|1982-12-28|10398|02049835414|stock|/static/user_profile_pictures/pexels-photo-681793.jpeg
241|Daniel|Powell|DanielPowell@hotmail.com|DiPe|^X+f#CkmW7|1999-11-12|29889|1-177-026-7364x19933|audience|/static/user_profile_pictures/pexels-photo-58021.jpeg
242|Daniel|Brown|DanielBrown@hotmail.com|DiBw|o9Dt13iw)z|1995-11-05|70463|963.297.2354x40050|choose|/static/user_profile_pictures/pexels-photo-734168.jpeg
243|Briana|Kirby|BrianaKirby@yahoo.com|BaKb|3VS8kxbq%&|1985-10-14|62229|(212)380-6460|offer|/static/user_profile_pictures/pexels-photo-354951.jpeg
244|Cassandra|Potter|CassandraPotter@yahoo.com|CsdPt|1u4GE!opB%|1981-09-28|71399|450.325.2707|want|/static/user_profile_pictures/pexels-photo-227294.jpeg
245|Robert|Hernandez|RobertHernandez@fastmail.com|ReHnd|P2BNReQB%r|1991-06-16|47826|(262)893-0627|program|/static/user_profile_pictures/pexels-photo-295564.jpeg
246|Heidi|Taylor|HeidiTaylor@hotmail.com|HdTl|8A4)0YdcM0|1999-06-19|07819|088.733.3672x34625|option|/static/user_profile_pictures/pexels-photo-428333.jpeg
247|Steven|Robinson|StevenRobinson@aol.com|SvRio|&lDsWeojM5|1990-08-13|33185|(389)403-9499|certainly|/static/user_profile_pictures/pexels-photo-450271.jpeg
248|Virginia|Hopkins|VirginiaHopkins@fastmail.com|VgiHks|VW4+DNBc+0|1978-06-24|38942|979-455-7757|book|/static/user_profile_pictures/pexels-photo-211050.jpeg
249|Heather|Turner|HeatherTurner@hotmail.com|HtrTn|8bPbVtFo+w|1996-02-25|41414|034.429.6020|military|/static/user_profile_pictures/pexels-photo-567459.jpeg
250|Arthur|Snyder|ArthurSnyder@yahoo.com|AhSd|(*t1Ruw@X@|1999-03-22|41168|1-665-826-6584x29550|population|/static/user_profile_pictures/pexels-photo-756453.jpeg
251|James|Fuentes|JamesFuentes@fastmail.com|JeFns|)0glBIji#u|1998-02-16|08707|(074)590-8409x0046|station|/static/user_profile_pictures/pexels-photo-354951.jpeg
252|Lisa|Patterson|LisaPatterson@yahoo.com|LaPts|U)_T6gJvkd|1982-04-16|72534|1-161-664-9721x41191|offer|/static/user_profile_pictures/pexels-photo-91227.jpeg
253|David|Ellis|DavidEllis@gmail.com|DiEi|4$_7IMvkK2|1998-07-19|19231|325.050.9642|actually|/static/user_profile_pictures/pexels-photo-567459.jpeg
254|Marc|Lucero|MarcLucero@yahoo.com|McLe|^WNgc8*aG9|1994-04-13|61305|854.082.8516x726|claim|/static/user_profile_pictures/pexels-photo-736716.jpeg
255|Cynthia|Wright|CynthiaWright@aol.com|CtaWg|c$b7YjO)u_|1986-10-11|27470|914.213.8266x9757|while|/static/user_profile_pictures/pexels-photo-355164.jpeg
256|Tanya|Hebert|TanyaHebert@hotmail.com|TyHe|j^%I6CKbN8|1988-10-11|98327|1-795-904-2695|value|/static/user_profile_pictures/pexels-photo-325682.jpeg
257|Daniel|Foster|DanielFoster@aol.com|DiFt|k31A1eJx*$|1992-12-23|05905|(156)617-9846|event|/static/user_profile_pictures/pexels-photo-769746.jpeg
258|Gary|Barry|GaryBarry@hotmail.com|GyBr|t&Ge7OJabL|1982-12-26|00601|01493503845|skin|/static/user_profile_pictures/pexels-photo-705821.jpeg
259|Juan|Gomez|JuanGomez@gmail.com|JnGe|@8VOLnz%2O|1996-10-21|83420|958-446-2286|see|/static/user_profile_pictures/pexels-photo-220453.jpeg
260|Douglas|Cervantes|DouglasCervantes@yahoo.com|DgsCvt|&giAqEodV2|1980-05-27|59456|1-591-295-5360x24334|space|/static/user_profile_pictures/pexels-photo-355164.jpeg
261|Jermaine|Duran|JermaineDuran@yahoo.com|JmnDa|q$13Xq_QLv|1994-02-09|81472|+98(6)4227196265|degree|/static/user_profile_pictures/pexels-photo-220453.jpeg
262|James|Eaton|JamesEaton@gmail.com|JeEo|&&+Gr5LvTd|1987-06-01|09800|+75(5)0051463489|reduce|/static/user_profile_pictures/pexels-photo-206445.jpeg
263|Emily|Evans|EmilyEvans@hotmail.com|ElEn|Md4WBTuQ_+|1988-05-22|80311|759.104.3977|before|/static/user_profile_pictures/pexels-photo-295564.jpeg
264|Jennifer|Simpson|JenniferSimpson@aol.com|JneSpn|Ux5LYOMGI_|1993-09-07|50843|542-904-6033|page|/static/user_profile_pictures/pexels-photo-237593.jpeg
265|James|Garcia|JamesGarcia@fastmail.com|JeGc|#60Qzx6)(j|1987-09-04|89776|1-211-891-7341|pressure|/static/user_profile_pictures/pexels-photo-206445.jpeg
266|Christopher|Dixon|ChristopherDixon@yahoo.com|CioeDo|X7lTLrI5@%|1987-05-18|79435|636.069.4889x2892|Mr|/static/user_profile_pictures/pexels-photo-206445.jpeg
267|Connor|Moody|ConnorMoody@hotmail.com|CnMd|^8LHKvFc0v|1988-12-14|01312|262.779.5352x14572|time|/static/user_profile_pictures/pexels-photo-354951.jpeg
268|Matthew|Reed|MatthewReed@hotmail.com|MtwRd|*1fI6ORgNv|1993-10-08|90513|09277321543|care|/static/user_profile_pictures/pexels-photo-567459.jpeg
269|Karen|Cole|KarenCole@aol.com|KeCe|$6L_RfJPkV|1978-06-15|41833|(258)237-8329x92777|realize|/static/user_profile_pictures/pexels-photo-295564.jpeg
270|Daniel|Dillon|DanielDillon@fastmail.com|DiDl|f9Sr$3Qx+a|1996-06-30|88532|1-495-438-4479|current|/static/user_profile_pictures/pexels-photo-681793.jpeg
271|Jessica|Ray|JessicaRay@fastmail.com|JsaR|hD4NP%xwC#|1993-07-27|62116|(675)797-1397x5082|set|/static/user_profile_pictures/pexels-photo-756453.jpeg
272|Katie|Shelton|KatieShelton@gmail.com|KiSln|R*0SFcwYf%|1985-09-21|53571|405.306.2528x951|risk|/static/user_profile_pictures/pexels-photo-295564.jpeg
273|Grace|Blake|GraceBlake@aol.com|GcBk|X78vXNg)u^|2001-03-05|00565|507-726-7692x248|stuff|/static/user_profile_pictures/pexels-photo-355164.jpeg
274|Gina|Williams|GinaWilliams@yahoo.com|GaWlm|V4EgJNat@k|1987-03-22|65896|335.984.4734x88008|family|/static/user_profile_pictures/pexels-photo-681793.jpeg
275|Jason|Ford|JasonFord@gmail.com|JoFd|48Zv4zFs#T|1985-09-12|97950|+75(2)2422094511|thank|/static/user_profile_pictures/pexels-photo-227294.jpeg
276|Adam|Key|AdamKey@gmail.com|AmK|Q+9UKO2pO%|1983-09-13|18045|1-905-987-4761|probably|/static/user_profile_pictures/pexels-photo-235531.jpeg
277|Kayla|Harmon|KaylaHarmon@aol.com|KlHm|21ROCms5!E|1994-02-21|22079|+58(6)2230975271|that|/static/user_profile_pictures/pexels-photo-211050.jpeg
278|Tiffany|Harris|TiffanyHarris@yahoo.com|TfyHr|&L7&UoTKla|1993-11-24|00691|1-013-388-3069|open|/static/user_profile_pictures/pexels-photo-567459.jpeg
279|Antonio|Parker|AntonioParker@aol.com|AooPk|OdPDq#x+$4|1997-04-06|07690|(387)578-5476x9874|draw|/static/user_profile_pictures/pexels-photo-235531.jpeg
280|Allison|Lopez|AllisonLopez@yahoo.com|AinLe|%1Oi@DOceB|1990-06-15|99068|522-888-0146|us|/static/user_profile_pictures/pexels-photo-206445.jpeg
281|Morgan|Liu|MorganLiu@yahoo.com|MgL|zJD23DTzJ+|1984-11-21|91908|1-475-310-6126|place|/static/user_profile_pictures/pexels-photo-355164.jpeg
282|Ashley|Miller|AshleyMiller@aol.com|AlMl|&tCYQoxn3B|1981-10-26|66086|321-795-3133x1773|program|/static/user_profile_pictures/pexels-photo-355164.jpeg
283|Tammy|Dunlap|TammyDunlap@hotmail.com|TmDl|N5cTBc)_&j|1998-01-05|36125|251-780-3830x568|head|/static/user_profile_pictures/pexels-photo-355164.jpeg
284|Susan|Martinez|SusanMartinez@yahoo.com|SaMte|nlH5)gVx9&|1978-10-01|29580|577.213.1836x2922|week|/static/user_profile_pictures/pexels-photo-237593.jpeg
285|Rachel|Freeman|RachelFreeman@yahoo.com|RhFen|@#2ZbfIb5h|1980-07-05|58548|717.304.9868x930|option|/static/user_profile_pictures/pexels-photo-634030.jpeg
286|Austin|Hall|AustinHall@aol.com|AtHl|lV5($naom@|1988-06-30|30960|593.639.9821x26868|ability|/static/user_profile_pictures/pexels-photo-325682.jpeg
287|Selena|Stewart|SelenaStewart@aol.com|SeSwt|z70iQ#sHT#|1999-12-11|80630|1-066-498-8856x02680|different|/static/user_profile_pictures/pexels-photo-450271.jpeg
288|John|Campbell|JohnCampbell@yahoo.com|JnCpl|%tI0dJZR3w|1994-04-06|18373|481-220-3499x106|explain|/static/user_profile_pictures/pexels-photo-220453.jpeg
289|Jennifer|Garcia|JenniferGarcia@hotmail.com|JneGc|5&2GLpGi@%|1992-09-19|54088|104.352.0574|hold|/static/user_profile_pictures/pexels-photo-450271.jpeg
290|Bridget|Lutz|BridgetLutz@gmail.com|BdtLz|Pb_35IhzJ$|1984-11-29|49281|374.227.6211x0507|born|/static/user_profile_pictures/pexels-photo-450271.jpeg
291|Ronald|Lee|RonaldLee@hotmail.com|RaL|m4w(eGtq^L|1993-06-20|34784|1-255-045-8671|everybody|/static/user_profile_pictures/pexels-photo-539727.jpeg
292|Douglas|Huang|DouglasHuang@gmail.com|DgsHn|F66s6GvMQ_|1980-11-04|99830|02543682893|yeah|/static/user_profile_pictures/pexels-photo-705821.jpeg
293|Christopher|Howe|ChristopherHowe@yahoo.com|CioeHe|8MVUZD8k+o|1989-01-19|45024|02933052427|save|/static/user_profile_pictures/pexels-photo-756453.jpeg
294|Margaret|Manning|MargaretManning@gmail.com|MgeMng|@rg0Wxr8*4|1992-10-24|81455|1-866-489-1423x4966|body|/static/user_profile_pictures/pexels-photo-769746.jpeg
295|Daniel|Fisher|DanielFisher@fastmail.com|DiFh|%G3uReAy)s|1986-06-16|61619|601-770-1401x54769|water|/static/user_profile_pictures/pexels-photo-774909.jpeg
296|Alicia|Cooke|AliciaCooke@yahoo.com|AcCk|@5eN@0qN0u|1988-03-24|55030|+98(8)0686341231|glass|/static/user_profile_pictures/pexels-photo-58021.jpeg
297|Emily|Koch|EmilyKoch@fastmail.com|ElKh|W7*7X8rfIH|1999-02-01|05300|1-854-397-5085x95096|trip|/static/user_profile_pictures/pexels-photo-355164.jpeg
298|Raymond|Keith|RaymondKeith@yahoo.com|RmdKt|_8z1Gc54*#|1988-03-20|20467|(838)637-6312|way|/static/user_profile_pictures/pexels-photo-325682.jpeg
299|Kyle|Barnes|KyleBarnes@aol.com|KeBn|^jrJVp^_04|1984-05-26|18244|(550)660-7001x3307|hundred|/static/user_profile_pictures/pexels-photo-355164.jpeg
300|Daryl|Shepard|DarylShepard@fastmail.com|DySpd|_6NeGo21Z_|1991-04-23|79557|762.372.2869|improve|/static/user_profile_pictures/pexels-photo-354951.jpeg
301|Patricia|Harper|PatriciaHarper@hotmail.com|PriHp|*2PIBf1HB3|2001-11-20|65986|944.130.2154x395|source|/static/user_profile_pictures/pexels-photo-705821.jpeg
302|Jennifer|Parker|JenniferParker@aol.com|JnePk|_shA3#DBH5|1994-06-17|05482|1-453-731-0215|draw|/static/user_profile_pictures/pexels-photo-355164.jpeg
303|Clinton|Douglas|ClintonDouglas@yahoo.com|CnnDgs|#9*N6$v7U@|1999-10-04|49275|(932)363-0660x1402|win|/static/user_profile_pictures/pexels-photo-354951.jpeg
304|Elizabeth|Foley|ElizabethFoley@hotmail.com|EzeFe|$4y7UY4kBe|1978-05-22|35747|109.753.2548x38424|science|/static/user_profile_pictures/pexels-photo-220453.jpeg
305|Brian|Cannon|BrianCannon@yahoo.com|BaCn|5wBqICT*_y|1994-11-18|72386|154.800.5985|tough|/static/user_profile_pictures/pexels-photo-736716.jpeg
306|Benjamin|Burns|BenjaminBurns@gmail.com|BjiBn|vUO0Lmh(#*|1978-12-02|07542|(767)945-3377x45914|catch|/static/user_profile_pictures/pexels-photo-206445.jpeg
307|Kayla|Savage|KaylaSavage@fastmail.com|KlSa|rE1T&XbE_5|1984-06-18|18612|1-825-329-6656x86439|service|/static/user_profile_pictures/pexels-photo-712513.jpeg
308|Heather|Smith|HeatherSmith@gmail.com|HtrSt|$)rJ4ZxxLD|2001-03-20|13208|(144)802-3429x9395|remember|/static/user_profile_pictures/pexels-photo-634030.jpeg
309|Frank|Bird|FrankBird@hotmail.com|FnBd|*$)ZoFOnv9|1999-12-05|33337|079.539.6339x528|nation|/static/user_profile_pictures/pexels-photo-235531.jpeg
310|Jillian|Bell|JillianBell@aol.com|JlnBl|7x82Kzrz)j|1984-06-21|38376|590.268.6555x008|majority|/static/user_profile_pictures/pexels-photo-227294.jpeg
311|Donald|Schneider|DonaldSchneider@yahoo.com|DaSnd|NV4m4oXt$w|1990-09-15|49242|1-752-515-1963x89844|such|/static/user_profile_pictures/pexels-photo-450271.jpeg
312|Kathy|Sanchez|KathySanchez@yahoo.com|KhScz|WK7@#2Namf|1999-12-24|96122|08431954078|whom|/static/user_profile_pictures/pexels-photo-206445.jpeg
313|Lori|Richards|LoriRichards@hotmail.com|LiRhd|4XHCKMiK*E|1983-12-17|62604|580.117.6554|catch|/static/user_profile_pictures/pexels-photo-720606.jpeg
314|Katrina|Byrd|KatrinaByrd@hotmail.com|KraBd|cICa2^9T+7|1984-07-16|50323|023.067.5081x24103|start|/static/user_profile_pictures/pexels-photo-91227.jpeg
315|Carla|Hansen|CarlaHansen@aol.com|ClHs|^@7fikBZQg|1998-08-03|83384|301-867-7345x1915|life|/static/user_profile_pictures/pexels-photo-206445.jpeg
316|Curtis|Mcgee|CurtisMcgee@fastmail.com|CtMe|i6U%ANFc)t|1981-12-10|91775|+18(6)0784750891|citizen|/static/user_profile_pictures/pexels-photo-734168.jpeg
317|Zachary|Mendoza|ZacharyMendoza@fastmail.com|ZhyMda|bk67VB#c_s|1979-03-14|20224|1-435-159-3076x5137|color|/static/user_profile_pictures/pexels-photo-211050.jpeg
318|Dorothy|Valenzuela|DorothyValenzuela@yahoo.com|DoyVeua|@dB4IuFZb6|1996-07-17|40063|(680)971-1246x5509|check|/static/user_profile_pictures/pexels-photo-450271.jpeg
319|Jonathan|Ramirez|JonathanRamirez@yahoo.com|JaaRiz|!k7DUqFMV8|1991-08-30|26353|(142)910-1076x67588|prove|/static/user_profile_pictures/pexels-photo-211050.jpeg
320|Johnathan|Reyes|JohnathanReyes@yahoo.com|JnhRe|)QL9zJIfk4|1994-06-21|81555|589-032-9330|because|/static/user_profile_pictures/pexels-photo-734168.jpeg
321|Amy|Gallegos|AmyGallegos@yahoo.com|AGlo|5jq2Xhzc#1|1998-06-26|84180|290.523.0242x04711|station|/static/user_profile_pictures/pexels-photo-681793.jpeg
322|Jessica|Miller|JessicaMiller@hotmail.com|JsaMl|%sNHqE_483|1978-03-07|95264|(216)981-0410|cause|/static/user_profile_pictures/pexels-photo-211050.jpeg
323|Amanda|Cox|AmandaCox@fastmail.com|AnC|Jye8tHhn_Q|1986-08-25|36342|1-764-770-4353x5127|condition|/static/user_profile_pictures/pexels-photo-237593.jpeg
324|Jessica|Compton|JessicaCompton@aol.com|JsaCpn|j!^8S_nY5D|1996-02-29|53268|(893)838-8534x2164|could|/static/user_profile_pictures/pexels-photo-450271.jpeg
325|Jessica|Jones|JessicaJones@fastmail.com|JsaJe|@5*(_MEcVM|1986-12-21|18717|(375)850-5452x455|board|/static/user_profile_pictures/pexels-photo-705821.jpeg
326|Victor|Hess|VictorHess@gmail.com|VtHs|@_qZu1!!D4|1982-05-15|39934|455-640-6557x256|region|/static/user_profile_pictures/pexels-photo-355164.jpeg
327|Elizabeth|Lopez|ElizabethLopez@gmail.com|EzeLe|)WZ)Y2Yi4R|1995-08-11|01622|877-172-0311x43443|agent|/static/user_profile_pictures/pexels-photo-769746.jpeg
328|Tony|Morgan|TonyMorgan@aol.com|TyMg|!6J0Uvbs#e|1993-11-19|10228|213-613-9529x0925|star|/static/user_profile_pictures/pexels-photo-58021.jpeg
329|Stephanie|Olson|StephanieOlson@hotmail.com|SpnOo|6_ri4@Uyr_|1985-09-09|54005|1-198-403-7851x626|left|/static/user_profile_pictures/pexels-photo-567459.jpeg
330|David|Wright|DavidWright@gmail.com|DiWg|nsXbcrQi!3|1999-07-17|70158|426.415.9131x53092|maybe|/static/user_profile_pictures/pexels-photo-450271.jpeg
331|Jennifer|Miller|JenniferMiller@yahoo.com|JneMl|U%2iSMTchs|1983-07-02|18686|1-445-599-0615|occur|/static/user_profile_pictures/pexels-photo-736716.jpeg
332|Jennifer|Woods|JenniferWoods@yahoo.com|JneWd|x9UDdL(L#2|1995-11-21|02210|605-371-3046|second|/static/user_profile_pictures/pexels-photo-736716.jpeg
333|Donna|Harris|DonnaHarris@yahoo.com|DnHr|Zte0wSF9((|1994-09-28|93084|633.097.8232x63849|night|/static/user_profile_pictures/pexels-photo-235531.jpeg
334|Michael|Boyer|MichaelBoyer@aol.com|MhlBe|&2(_uyGh(1|2000-08-26|19335|1-876-974-9442x25439|worker|/static/user_profile_pictures/pexels-photo-220453.jpeg
335|Linda|Cisneros|LindaCisneros@hotmail.com|LdCno|W6EB$4Bz$R|1986-10-14|26598|05407456154|sit|/static/user_profile_pictures/pexels-photo-567459.jpeg
336|Madison|Smith|MadisonSmith@aol.com|MinSt|+_9()Vstln|1997-12-21|88511|285-114-9323x72665|actually|/static/user_profile_pictures/pexels-photo-712513.jpeg
337|Thomas|Acosta|ThomasAcosta@hotmail.com|TmAs|@_!9Bdw#Ib|1978-06-05|41436|575.328.7331x6418|economy|/static/user_profile_pictures/pexels-photo-227294.jpeg
338|Richard|Ruiz|RichardRuiz@yahoo.com|RhdRz|A7ANLNjb*U|1984-03-31|04317|1-522-789-5662|standard|/static/user_profile_pictures/pexels-photo-736716.jpeg
339|Angela|Ramirez|AngelaRamirez@gmail.com|AeRiz|36cBT(uc_u|1998-12-05|30586|309-293-8397|economy|/static/user_profile_pictures/pexels-photo-237593.jpeg
340|Stephanie|Nichols|StephanieNichols@yahoo.com|SpnNhs|JYnT)()u^8|1992-06-14|69926|815.005.2546|bit|/static/user_profile_pictures/pexels-photo-325682.jpeg
341|Pamela|Barnes|PamelaBarnes@fastmail.com|PeBn|MV9nZhnL+L|1989-01-24|62638|749-427-0111x646|act|/static/user_profile_pictures/pexels-photo-712513.jpeg
342|Andrew|Quinn|AndrewQuinn@gmail.com|ArQn|*vbRi7ts&8|1992-02-06|04463|440-425-7821|gas|/static/user_profile_pictures/pexels-photo-756453.jpeg
343|Benjamin|Snow|BenjaminSnow@aol.com|BjiSw|_0QE9gTgf#|1985-08-15|70839|748.796.6148x6795|look|/static/user_profile_pictures/pexels-photo-774909.jpeg
344|Emily|Torres|EmilyTorres@aol.com|ElTr|(ad4g6Dt&H|1983-12-12|83290|934-857-2264x30028|reveal|/static/user_profile_pictures/pexels-photo-428333.jpeg
345|Ronald|Duffy|RonaldDuffy@hotmail.com|RaDf|_0)LL^KfgC|1979-07-12|42294|763-415-3486x398|mention|/static/user_profile_pictures/pexels-photo-355164.jpeg
346|Penny|Nelson|PennyNelson@aol.com|PnNs|L7mDOVb1!h|1992-02-17|51465|1-337-783-5283x5320|begin|/static/user_profile_pictures/pexels-photo-756453.jpeg
347|Glenn|Goodman|GlennGoodman@fastmail.com|GnGdn|k)kE4A!2*8|1988-10-12|05756|592-021-5183|compare|/static/user_profile_pictures/pexels-photo-428333.jpeg
348|David|Rodriguez|DavidRodriguez@gmail.com|DiRru|*49Jcnb6!j|1984-11-17|20878|07644082414|event|/static/user_profile_pictures/pexels-photo-227294.jpeg
349|Pamela|Fitzpatrick|PamelaFitzpatrick@yahoo.com|PeFztc|(9oDZujpkj|2001-04-10|07501|(332)161-6367|election|/static/user_profile_pictures/pexels-photo-235531.jpeg
350|Wendy|Arnold|WendyArnold@yahoo.com|WdAo|w89XPTfUJ&|1991-10-11|08019|(934)087-6485x641|subject|/static/user_profile_pictures/pexels-photo-769746.jpeg
351|Anna|Simon|AnnaSimon@fastmail.com|AaSo|+1R6SNUksS|1979-03-26|18577|+35(1)4175130845|character|/static/user_profile_pictures/pexels-photo-58021.jpeg
352|Abigail|Ferrell|AbigailFerrell@gmail.com|AglFrl|pVHNizPe(1|1997-01-25|98204|330.112.9199|one|/static/user_profile_pictures/pexels-photo-227294.jpeg
353|Christine|Stanton|ChristineStanton@yahoo.com|CiiSnn|$2CtVqA5g2|1986-02-11|07916|624.800.9072x8432|type|/static/user_profile_pictures/pexels-photo-237593.jpeg
354|Lawrence|Carter|LawrenceCarter@yahoo.com|LrcCt|bw@8DwQl*T|1992-02-01|40684|(478)431-7923x1641|interview|/static/user_profile_pictures/pexels-photo-720606.jpeg
355|Madison|Mathis|MadisonMathis@gmail.com|MinMh|&8OTHbMbz_|1980-07-16|12610|(243)351-8164x22989|fall|/static/user_profile_pictures/pexels-photo-736716.jpeg
356|Sheila|Jenkins|SheilaJenkins@hotmail.com|SiJks|Yb+3dzAcoj|1994-11-13|55442|856.387.0214|our|/static/user_profile_pictures/pexels-photo-58021.jpeg
357|James|Benson|JamesBenson@yahoo.com|JeBs|Xy9AD4ir$)|1997-05-18|12748|(741)798-1066x5740|too|/static/user_profile_pictures/pexels-photo-355164.jpeg
358|Jonathan|Rodriguez|JonathanRodriguez@hotmail.com|JaaRru|p^RO0K&eAn|1979-06-09|25130|812.978.7392x9177|result|/static/user_profile_pictures/pexels-photo-774909.jpeg
359|Craig|Cohen|CraigCohen@yahoo.com|CiCe|y%6aBQVcjx|1989-03-23|72318|08898022712|dark|/static/user_profile_pictures/pexels-photo-354951.jpeg
360|Suzanne|Trujillo|SuzanneTrujillo@gmail.com|SaeTjl|S23PIwHj*9|1986-12-07|01480|310.010.5463x61201|we|/static/user_profile_pictures/pexels-photo-769746.jpeg
361|Hannah|Davis|HannahDavis@yahoo.com|HnDi|et5WpbQL6+|1980-10-13|85675|419-223-9273x122|else|/static/user_profile_pictures/pexels-photo-634030.jpeg
362|Erin|Steele|ErinSteele@aol.com|EnSe|&^W6A3HgO4|1993-11-13|90076|1-203-784-1306|follow|/static/user_profile_pictures/pexels-photo-634030.jpeg
363|Kirk|Chandler|KirkChandler@yahoo.com|KkCne|T52@OTkr%r|1997-03-05|09592|627-449-9224x9262|building|/static/user_profile_pictures/pexels-photo-325682.jpeg
364|Darren|Saunders|DarrenSaunders@gmail.com|DrSnr|_dy3Whdhi*|1991-05-01|29017|339-501-7898|star|/static/user_profile_pictures/pexels-photo-769746.jpeg
365|Brooke|Holt|BrookeHolt@gmail.com|BoHt|&P7KJrwe#E|1982-04-10|29075|730-463-7503x1140|financial|/static/user_profile_pictures/pexels-photo-428333.jpeg
366|Samantha|Cook|SamanthaCook@aol.com|SahCk|y(@y9I(c*q|1988-06-03|52102|08065326296|why|/static/user_profile_pictures/pexels-photo-756453.jpeg
367|Katie|Hudson|KatieHudson@fastmail.com|KiHs|xi0WeWMsG_|1997-07-15|29040|+20(7)2654964873|number|/static/user_profile_pictures/pexels-photo-720606.jpeg
368|Jeffrey|Lewis|JeffreyLewis@gmail.com|JfyLi|Xd5%zjLr$5|1988-11-25|15924|461-816-4643|perform|/static/user_profile_pictures/pexels-photo-237593.jpeg
369|Craig|Watson|CraigWatson@fastmail.com|CiWs|9r5+!HF_(%|1985-11-10|49805|07265294682|recently|/static/user_profile_pictures/pexels-photo-220453.jpeg
370|Brandon|Brown|BrandonBrown@aol.com|BnnBw|xqHCxkkO*1|1978-06-16|89511|1-652-589-7626x05243|significant|/static/user_profile_pictures/pexels-photo-681793.jpeg
371|Hannah|Woods|HannahWoods@gmail.com|HnWd|_2Snzn6Zrp|1992-11-29|90297|1-444-826-8518|rest|/static/user_profile_pictures/pexels-photo-567459.jpeg
372|Sheila|Blanchard|SheilaBlanchard@yahoo.com|SiBna|z!9nCYrPcS|1997-12-09|60534|(527)166-6343|also|/static/user_profile_pictures/pexels-photo-769746.jpeg
373|Rebecca|Cook|RebeccaCook@aol.com|ReaCk|p6@JHDgN(C|1999-05-27|36788|510.238.9945|bad|/static/user_profile_pictures/pexels-photo-705821.jpeg
374|Jesse|Horton|JesseHorton@hotmail.com|JsHt|o0)3YoD!A+|1995-04-09|46020|058.196.2788|radio|/static/user_profile_pictures/pexels-photo-325682.jpeg
375|April|Oneal|AprilOneal@aol.com|AiOa|%1L+avyl8S|1981-09-21|17058|170-062-6045x184|tough|/static/user_profile_pictures/pexels-photo-237593.jpeg
376|Frederick|Kelly|FrederickKelly@hotmail.com|FdiKl|G6CYYWoe(%|1999-08-13|67149|439-427-6398x8525|far|/static/user_profile_pictures/pexels-photo-450271.jpeg
377|Manuel|Garcia|ManuelGarcia@gmail.com|MuGc|kMO%sVJ#)1|1994-05-20|64459|(386)347-2464|generation|/static/user_profile_pictures/pexels-photo-58021.jpeg
378|Sean|Valdez|SeanValdez@gmail.com|SnVd|*hOuEx&bl9|1984-04-18|72578|1-510-397-8280|available|/static/user_profile_pictures/pexels-photo-762020.jpeg
379|Jessica|Sullivan|JessicaSullivan@aol.com|JsaSla|2_3b*IxlY0|1981-01-29|02719|(479)297-0031x20747|up|/static/user_profile_pictures/pexels-photo-712513.jpeg
380|James|Murphy|JamesMurphy@fastmail.com|JeMp|1!IGl4Lkbb|1985-07-14|24888|+44(0)0778331972|mean|/static/user_profile_pictures/pexels-photo-428333.jpeg
381|Craig|Johnson|CraigJohnson@hotmail.com|CiJnn|#t0BtLkGpg|1986-11-21|10480|(458)312-6712x151|consider|/static/user_profile_pictures/pexels-photo-756453.jpeg
382|John|Saunders|JohnSaunders@fastmail.com|JnSnr|%GHAQHj1Z8|1982-07-20|31335|918.175.8521|fast|/static/user_profile_pictures/pexels-photo-211050.jpeg
383|Alvin|Smith|AlvinSmith@gmail.com|AiSt|l$QV4$Yf%6|2000-02-10|16245|1-352-331-2593x116|politics|/static/user_profile_pictures/pexels-photo-220453.jpeg
384|Tommy|Stone|TommyStone@fastmail.com|TmSn|3_6SPYsfbG|1986-03-09|79733|(779)611-6859x8556|rise|/static/user_profile_pictures/pexels-photo-634030.jpeg
385|Corey|Gonzalez|CoreyGonzalez@gmail.com|CeGze|B%(9mCjy!*|1981-12-02|65156|1-807-864-9009x1793|single|/static/user_profile_pictures/pexels-photo-774909.jpeg
386|Bryan|Pugh|BryanPugh@aol.com|BaPh|@0V9mseGjg|1980-06-09|42350|+91(5)9371911161|soldier|/static/user_profile_pictures/pexels-photo-325682.jpeg
387|Jennifer|Mendoza|JenniferMendoza@yahoo.com|JneMda|HJK61HMw$V|2000-08-01|94284|974-490-2356x31301|off|/static/user_profile_pictures/pexels-photo-237593.jpeg
388|Joseph|Stephens|JosephStephens@aol.com|JeSpn|+9W)bzPdcL|1994-04-28|00827|+57(5)6605520160|occur|/static/user_profile_pictures/pexels-photo-295564.jpeg
389|Lindsey|Ray|LindseyRay@gmail.com|LdyR|w*Q9ZBpgs*|1989-08-19|96740|1-741-893-3536x182|design|/static/user_profile_pictures/pexels-photo-762020.jpeg
390|Daniel|Bates|DanielBates@aol.com|DiBe|_p*CEk2o@2|1995-01-11|72490|(410)713-1534x996|set|/static/user_profile_pictures/pexels-photo-720606.jpeg
391|Charles|Mitchell|CharlesMitchell@hotmail.com|CrsMcl|)l9bHll!G4|1997-11-23|28540|412-591-7101x4888|entire|/static/user_profile_pictures/pexels-photo-220453.jpeg
392|Bobby|Davis|BobbyDavis@fastmail.com|BbDi|YyB2C0cTX*|1994-11-09|19092|711.264.9246x592|bag|/static/user_profile_pictures/pexels-photo-769746.jpeg
393|Lawrence|Park|LawrencePark@fastmail.com|LrcPk|e(0$rIn9lT|2001-05-27|48544|060.607.3454|grow|/static/user_profile_pictures/pexels-photo-211050.jpeg
394|Kelly|Cowan|KellyCowan@fastmail.com|KlCa|P+4NDxSAQ6|1995-09-29|70973|(401)727-1493|industry|/static/user_profile_pictures/pexels-photo-567459.jpeg
395|Michael|George|MichaelGeorge@fastmail.com|MhlGr|f!k4FfodDL|1983-12-17|02707|1-646-836-7151|throughout|/static/user_profile_pictures/pexels-photo-235531.jpeg
396|Mariah|Miller|MariahMiller@fastmail.com|MiMl|dr7RWO0GH+|1995-02-09|48050|1-953-162-6567x861|impact|/static/user_profile_pictures/pexels-photo-681793.jpeg
397|Beth|Cochran|BethCochran@yahoo.com|BhChn|m$(H7HGnTS|1996-08-08|89617|1-557-050-0378x419|box|/static/user_profile_pictures/pexels-photo-681793.jpeg
398|Annette|Phillips|AnnettePhillips@hotmail.com|AeePlp|)!v2YsnwFY|1997-06-05|07284|1-655-833-5281x3789|consider|/static/user_profile_pictures/pexels-photo-354951.jpeg
399|Mary|Murphy|MaryMurphy@yahoo.com|MyMp|Os4uIz_m@_|1997-02-26|90641|155-629-8379|light|/static/user_profile_pictures/pexels-photo-211050.jpeg
400|Charles|Brady|CharlesBrady@gmail.com|CrsBd|&DKg4F9Es0|1981-03-27|18785|721-145-9196|fund|/static/user_profile_pictures/pexels-photo-227294.jpeg
401|Jane|Dunn|JaneDunn@aol.com|JeDn|)3P3^D0(Mn|1996-08-03|06957|358-701-0721x759|this|/static/user_profile_pictures/pexels-photo-769746.jpeg
402|Andre|Gomez|AndreGomez@yahoo.com|ArGe|JcU8KZaq!8|1994-10-09|50105|923.426.4173|something|/static/user_profile_pictures/pexels-photo-58021.jpeg
403|Danielle|Stanley|DanielleStanley@yahoo.com|DilSny|_45&RRaYzb|1986-05-16|67617|1-204-330-0018x6135|receive|/static/user_profile_pictures/pexels-photo-734168.jpeg
404|Whitney|Mercado|WhitneyMercado@yahoo.com|WtyMco|_*x^Y2PpZ_|1990-03-16|30447|03209660561|child|/static/user_profile_pictures/pexels-photo-237593.jpeg
405|Sarah|Smith|SarahSmith@aol.com|SaSt|aK43Nu*xp*|1988-03-17|46047|607.970.9831x043|mission|/static/user_profile_pictures/pexels-photo-762020.jpeg
406|Carolyn|King|CarolynKing@aol.com|ConKg|ti1ZV@4c0*|1996-01-02|87358|+93(7)0583662419|reason|/static/user_profile_pictures/pexels-photo-705821.jpeg
407|Brittney|Stone|BrittneyStone@yahoo.com|BteSn|+$GwJrVT6D|1998-07-30|15398|00543416381|just|/static/user_profile_pictures/pexels-photo-235531.jpeg
408|Carolyn|Porter|CarolynPorter@gmail.com|ConPt|Q@0XcvJNm#|1987-11-06|78474|1-006-853-1332x54355|strong|/static/user_profile_pictures/pexels-photo-428333.jpeg
409|Morgan|Best|MorganBest@aol.com|MgBt|js3SMspf!l|1988-12-29|61827|1-357-825-7243|executive|/static/user_profile_pictures/pexels-photo-450271.jpeg
410|Jessica|Johnson|JessicaJohnson@yahoo.com|JsaJnn|R_51xFroi9|2001-06-18|57544|1-880-112-2741x01153|investment|/static/user_profile_pictures/pexels-photo-705821.jpeg
411|Tiffany|Haas|TiffanyHaas@yahoo.com|TfyHs|_3ZE26pJdh|1990-08-18|46225|05232541820|toward|/static/user_profile_pictures/pexels-photo-227294.jpeg
412|Andre|Thornton|AndreThornton@yahoo.com|ArTro|y#3G5IE7Kv|2001-11-23|16242|1-684-230-8759x048|life|/static/user_profile_pictures/pexels-photo-567459.jpeg
413|Cory|Cook|CoryCook@hotmail.com|CyCk|#4#TSmBaIg|1987-07-21|32964|+68(4)4548808532|along|/static/user_profile_pictures/pexels-photo-428333.jpeg
414|David|Lawrence|DavidLawrence@hotmail.com|DiLrc|uu$1W6bBJ(|1990-04-30|83288|223.663.3901|party|/static/user_profile_pictures/pexels-photo-295564.jpeg
415|Daniel|Dunn|DanielDunn@yahoo.com|DiDn|mXZ3GHkwV$|1996-08-02|75293|851-857-8011x8656|million|/static/user_profile_pictures/pexels-photo-428333.jpeg
416|Tammy|Lopez|TammyLopez@yahoo.com|TmLe|z9Qf#1A*@Q|1996-04-21|18748|(513)336-2336x1523|remain|/static/user_profile_pictures/pexels-photo-428333.jpeg
417|Debra|White|DebraWhite@hotmail.com|DrWt|p90tU2Sv@G|1996-04-07|56905|549.792.3627|any|/static/user_profile_pictures/pexels-photo-58021.jpeg
418|Michael|Young|MichaelYoung@fastmail.com|MhlYn|l9*(ZpJfF@|1980-01-21|26878|132.181.7286|enough|/static/user_profile_pictures/pexels-photo-91227.jpeg
419|Troy|Johnson|TroyJohnson@aol.com|TyJnn|)S)$y8Rb*w|1985-01-25|72109|+96(6)3929697196|admit|/static/user_profile_pictures/pexels-photo-354951.jpeg
420|Samantha|Farmer|SamanthaFarmer@hotmail.com|SahFm|YA23TiMhq#|1989-03-22|30314|1-775-951-8191|standard|/static/user_profile_pictures/pexels-photo-539727.jpeg
421|Barbara|Robertson|BarbaraRobertson@hotmail.com|BbaRes|P(03SQcH^S|1983-09-09|05094|1-579-234-1461|perform|/static/user_profile_pictures/pexels-photo-736716.jpeg
422|Erika|Kline|ErikaKline@gmail.com|EkKn|Hlrx7A$y^8|1992-04-20|60654|+12(9)0028803893|room|/static/user_profile_pictures/pexels-photo-227294.jpeg
423|Brian|Thomas|BrianThomas@yahoo.com|BaTm|#0_FSzQ!VH|1984-12-13|41522|1-019-433-5483x966|final|/static/user_profile_pictures/pexels-photo-211050.jpeg
424|Michelle|Ramirez|MichelleRamirez@aol.com|MhlRiz|@q7V&ayb3P|1996-07-12|63114|1-070-412-2160|score|/static/user_profile_pictures/pexels-photo-705821.jpeg
425|Teresa|Garcia|TeresaGarcia@gmail.com|TeGc|#7Ipy#z@ud|1981-05-22|37888|030-481-7855x4619|federal|/static/user_profile_pictures/pexels-photo-634030.jpeg
426|Darius|Harrison|DariusHarrison@fastmail.com|DiHro|@8uE8h6YAr|1985-05-21|48558|576.531.8814x2907|ground|/static/user_profile_pictures/pexels-photo-736716.jpeg
427|Denise|Merritt|DeniseMerritt@hotmail.com|DiMrt|p02qIs%y+6|1986-01-09|04729|1-626-366-4155x628|different|/static/user_profile_pictures/pexels-photo-734168.jpeg
428|Rachael|Mcfarland|RachaelMcfarland@fastmail.com|RhlMaa|O1HA3y_w)G|1997-10-29|57326|823.823.9064x151|hundred|/static/user_profile_pictures/pexels-photo-756453.jpeg
429|Arthur|Grant|ArthurGrant@fastmail.com|AhGn|^4v8YXAkQ!|1979-06-24|51636|1-537-127-3001|consumer|/static/user_profile_pictures/pexels-photo-58021.jpeg
430|Ruth|Ortiz|RuthOrtiz@gmail.com|RhOi|mO2j1Bj*G(|1979-04-01|57468|1-424-236-1432|player|/static/user_profile_pictures/pexels-photo-756453.jpeg
431|Grant|Gardner|GrantGardner@gmail.com|GnGdr|&9nS4iDifb|1999-03-06|66624|01549305957|rule|/static/user_profile_pictures/pexels-photo-705821.jpeg
432|Jessica|Silva|JessicaSilva@fastmail.com|JsaSv|X7z1ZFbm%R|1994-12-17|16719|03552872287|outside|/static/user_profile_pictures/pexels-photo-712513.jpeg
433|Ronald|Mckinney|RonaldMckinney@hotmail.com|RaMie|B+9%MqjmG$|1995-07-14|86304|370-717-6359x2407|could|/static/user_profile_pictures/pexels-photo-705821.jpeg
434|Joseph|Harris|JosephHarris@hotmail.com|JeHr|+t0W5Jfi2d|1998-04-05|62295|+32(4)4555477580|push|/static/user_profile_pictures/pexels-photo-355164.jpeg
435|Ryan|Kaufman|RyanKaufman@fastmail.com|RnKfn|_YB+6SHgev|1986-03-23|24314|706.573.2560x834|south|/static/user_profile_pictures/pexels-photo-237593.jpeg
436|Rodney|Miller|RodneyMiller@gmail.com|RnMl|%0dgo(Tr#9|1980-03-24|75519|(439)509-5807x640|apply|/static/user_profile_pictures/pexels-photo-235531.jpeg
437|Susan|Carney|SusanCarney@gmail.com|SaCn|!_yY2!UnW2|1997-03-06|90042|1-966-633-9930x6482|total|/static/user_profile_pictures/pexels-photo-734168.jpeg
438|Barbara|Anderson|BarbaraAnderson@aol.com|BbaAeo|^dMxddwY!3|1991-05-15|65944|260.733.3777|candidate|/static/user_profile_pictures/pexels-photo-235531.jpeg
439|Heather|James|HeatherJames@gmail.com|HtrJe|1$AoOXqq!G|1988-08-17|31134|(088)993-0680|nothing|/static/user_profile_pictures/pexels-photo-769746.jpeg
440|Jon|Paul|JonPaul@gmail.com|JPl|$IvY4%r8n9|1978-05-01|13621|700.999.7452x655|role|/static/user_profile_pictures/pexels-photo-58021.jpeg
441|Kimberly|Thornton|KimberlyThornton@hotmail.com|KblTro|@y$5IkxbY*|1982-03-24|92797|1-527-711-6155x99724|though|/static/user_profile_pictures/pexels-photo-211050.jpeg
442|Kristen|Young|KristenYoung@gmail.com|KsnYn|&)98NBfU+5|1997-09-04|91353|482.931.9740|blood|/static/user_profile_pictures/pexels-photo-567459.jpeg
443|Benjamin|Morales|BenjaminMorales@aol.com|BjiMas|&f6E!eJHhC|1990-09-16|25150|583-028-2942x47094|lose|/static/user_profile_pictures/pexels-photo-354951.jpeg
444|Jessica|Anderson|JessicaAnderson@yahoo.com|JsaAeo|%K1aQGCgcE|1987-03-13|73011|(270)525-0121x699|billion|/static/user_profile_pictures/pexels-photo-428333.jpeg
445|Denise|Cohen|DeniseCohen@gmail.com|DiCe|_&^7Z5HlhC|1985-10-15|54171|09208007263|beyond|/static/user_profile_pictures/pexels-photo-237593.jpeg
446|Evan|Serrano|EvanSerrano@aol.com|EnSro|7pxTm_4J_2|2001-01-26|52347|(131)347-9689|dream|/static/user_profile_pictures/pexels-photo-774909.jpeg
447|Albert|Brown|AlbertBrown@fastmail.com|AeBw|5cGVIzeT!L|1985-10-28|04404|03491628599|nature|/static/user_profile_pictures/pexels-photo-769746.jpeg
448|Kevin|Adams|KevinAdams@yahoo.com|KiAm|sQ5F#A#c#x|1987-10-10|78067|(344)828-0183|dark|/static/user_profile_pictures/pexels-photo-428333.jpeg
449|Joseph|Floyd|JosephFloyd@hotmail.com|JeFy|_IVSCliq7n|1997-04-18|37966|476.651.8213x02252|the|/static/user_profile_pictures/pexels-photo-634030.jpeg
450|Patricia|Sullivan|PatriciaSullivan@fastmail.com|PriSla|cq)S0mGzH(|2000-06-22|91210|449-414-9467x7829|friend|/static/user_profile_pictures/pexels-photo-428333.jpeg
451|Mark|Patton|MarkPatton@aol.com|MkPt|Hp8ELilE)i|2001-03-31|96110|(042)701-0532x7191|outside|/static/user_profile_pictures/pexels-photo-712513.jpeg
452|Carolyn|Johnson|CarolynJohnson@gmail.com|ConJnn|#d1W&J5p0d|1982-04-04|93277|1-108-390-3234x023|professor|/static/user_profile_pictures/pexels-photo-681793.jpeg
453|Jason|Lam|JasonLam@aol.com|JoL|9xI_D#b^%u|1991-09-07|43988|(639)876-3164x993|ten|/static/user_profile_pictures/pexels-photo-756453.jpeg
454|Kenneth|Chandler|KennethChandler@hotmail.com|KnhCne|U!HdqPjnU3|1982-07-31|29036|1-203-105-2339x01202|sign|/static/user_profile_pictures/pexels-photo-720606.jpeg
455|Mark|Roach|MarkRoach@aol.com|MkRc|!4LSnekamX|1978-06-15|68340|1-670-234-5711x726|writer|/static/user_profile_pictures/pexels-photo-756453.jpeg
456|Victor|Williams|VictorWilliams@hotmail.com|VtWlm|6%t1OMaT)s|1989-06-02|88136|(080)238-6381x10726|leader|/static/user_profile_pictures/pexels-photo-705821.jpeg
457|Megan|Mendoza|MeganMendoza@fastmail.com|MaMda|cfpHHV9n)6|2000-03-26|22076|1-073-590-8219x25243|radio|/static/user_profile_pictures/pexels-photo-769746.jpeg
458|Laurie|Rivera|LaurieRivera@aol.com|LrRe|0L(Y1Uy9SY|1995-08-02|06882|00081436804|meeting|/static/user_profile_pictures/pexels-photo-220453.jpeg
459|Stephen|Rojas|StephenRojas@fastmail.com|SpnRa|*qs4NiG^!(|1985-10-29|39413|523.816.9923x62098|stuff|/static/user_profile_pictures/pexels-photo-428333.jpeg
460|Albert|Miller|AlbertMiller@yahoo.com|AeMl|(3UA#X(7_c|1986-11-30|28645|043-142-9235|trade|/static/user_profile_pictures/pexels-photo-539727.jpeg
461|George|Howard|GeorgeHoward@gmail.com|GrHa|@L7LJbfF(8|1987-08-17|23984|(302)023-0426x10714|exactly|/static/user_profile_pictures/pexels-photo-567459.jpeg
462|Tonya|Porter|TonyaPorter@fastmail.com|TyPt|)MOn$W7Gz0|1978-02-28|63519|1-311-482-7486x541|open|/static/user_profile_pictures/pexels-photo-712513.jpeg
463|Jerry|Brooks|JerryBrooks@fastmail.com|JrBo|s0HCOn(%+9|1995-09-08|63356|328.086.9213x029|hit|/static/user_profile_pictures/pexels-photo-736716.jpeg
464|Ryan|Harris|RyanHarris@gmail.com|RnHr|VtTt9uZa&k|1989-11-23|76230|189-892-8505x426|cup|/static/user_profile_pictures/pexels-photo-567459.jpeg
465|Larry|Summers|LarrySummers@fastmail.com|LrSms|6elMuWx9*0|1994-08-26|35629|(400)461-9594x685|business|/static/user_profile_pictures/pexels-photo-211050.jpeg
466|Courtney|Aguilar|CourtneyAguilar@aol.com|CreAir|4_8UuoDZXg|1994-05-07|52631|(053)524-8980x5017|executive|/static/user_profile_pictures/pexels-photo-736716.jpeg
467|Julia|Figueroa|JuliaFigueroa@gmail.com|JiFuo|m+4)kQGoq9|1984-04-03|64397|03572895162|standard|/static/user_profile_pictures/pexels-photo-539727.jpeg
468|Joshua|Delgado|JoshuaDelgado@fastmail.com|JhDgo|e0+0I9rf))|1995-12-13|11656|764.415.6005x73359|relate|/static/user_profile_pictures/pexels-photo-354951.jpeg
469|Matthew|Daugherty|MatthewDaugherty@gmail.com|MtwDgr|K!1%woPg6m|1986-02-20|24106|147.367.2386x577|house|/static/user_profile_pictures/pexels-photo-428333.jpeg
470|Katie|Goodman|KatieGoodman@gmail.com|KiGdn|4y2S9Md9%U|1983-07-30|71059|466.987.1056x202|center|/static/user_profile_pictures/pexels-photo-774909.jpeg
471|Nicole|Gonzalez|NicoleGonzalez@aol.com|NhaGze|5ARP4Wnf_f|1997-10-17|83365|00879148190|agency|/static/user_profile_pictures/pexels-photo-58021.jpeg
472|Chelsea|Christian|ChelseaChristian@aol.com|ClaCii|PaPjhe)G(8|1994-08-22|67628|849.380.9557x573|each|/static/user_profile_pictures/pexels-photo-295564.jpeg
473|Justin|Delgado|JustinDelgado@aol.com|JtDgo|V^6X!FaX!L|1993-10-24|35938|05754889498|chair|/static/user_profile_pictures/pexels-photo-354951.jpeg
474|Ann|Gonzalez|AnnGonzalez@fastmail.com|AGze|&8(SdJKz2p|1990-02-07|48544|279-472-6827|meeting|/static/user_profile_pictures/pexels-photo-720606.jpeg
475|Marvin|Strickland|MarvinStrickland@hotmail.com|MvSild|%rG+0Kj()l|1994-04-18|50149|956-609-4862x06653|detail|/static/user_profile_pictures/pexels-photo-295564.jpeg
476|Kim|Kelly|KimKelly@fastmail.com|KKl|5CR@kR0v^#|1988-03-12|72756|280-664-5052|certainly|/static/user_profile_pictures/pexels-photo-681793.jpeg
477|Monica|Conrad|MonicaConrad@aol.com|MiCr|T2n_QOwa_(|1998-05-05|27349|776-308-0400x44817|for|/static/user_profile_pictures/pexels-photo-774909.jpeg
478|Jennifer|Sanders|JenniferSanders@hotmail.com|JneSds|06q^KzwK)*|1996-04-20|86013|648.789.1627|school|/static/user_profile_pictures/pexels-photo-235531.jpeg
479|Lisa|Collier|LisaCollier@gmail.com|LaClr|Ggxjh8Eg_9|1987-08-13|01583|+74(8)9770866399|ask|/static/user_profile_pictures/pexels-photo-237593.jpeg
480|Austin|Nielsen|AustinNielsen@yahoo.com|AtNln|&WA@R$9b1l|1998-06-15|72052|284-206-4322x613|want|/static/user_profile_pictures/pexels-photo-211050.jpeg
481|Robert|Graham|RobertGraham@aol.com|ReGh|F8iJZXie(3|1981-01-25|34482|1-811-435-4478x595|if|/static/user_profile_pictures/pexels-photo-736716.jpeg
482|Barry|Johns|BarryJohns@gmail.com|BrJn|6%6Wc8i*xP|1998-09-05|62142|01709280976|source|/static/user_profile_pictures/pexels-photo-681793.jpeg
483|Daniel|Smith|DanielSmith@gmail.com|DiSt|)w3xCJFw44|1997-09-17|77647|1-580-466-9684|of|/static/user_profile_pictures/pexels-photo-355164.jpeg
484|Emily|Aguilar|EmilyAguilar@hotmail.com|ElAir|$H8QzAkQAz|1980-07-16|66526|768-183-4517x191|value|/static/user_profile_pictures/pexels-photo-428333.jpeg
485|Natasha|Riley|NatashaRiley@aol.com|NaaRe|($Os3fdW0O|1985-09-04|81107|(649)545-6207x964|protect|/static/user_profile_pictures/pexels-photo-428333.jpeg
486|Johnny|Bishop|JohnnyBishop@hotmail.com|JnBh|+N_40ZqwV*|1980-11-19|11034|+84(5)5157678458|next|/static/user_profile_pictures/pexels-photo-325682.jpeg
487|Patrick|Moore|PatrickMoore@hotmail.com|PrkMr|fjOz7ZoJ*_|1993-06-15|93261|005-521-4033|official|/static/user_profile_pictures/pexels-photo-762020.jpeg
488|Matthew|Woods|MatthewWoods@yahoo.com|MtwWd|+w0VfObVs8|1995-10-23|37756|1-497-377-3501x1638|training|/static/user_profile_pictures/pexels-photo-325682.jpeg
489|Billy|Miles|BillyMiles@yahoo.com|BlMe|Cs6_QvfB+u|1998-07-27|81805|073-177-1612x08013|tax|/static/user_profile_pictures/pexels-photo-237593.jpeg
490|Sabrina|Humphrey|SabrinaHumphrey@hotmail.com|SraHpe|IH+9BqHB&P|1996-09-12|94312|041.270.4372|probably|/static/user_profile_pictures/pexels-photo-774909.jpeg
491|Julie|Walters|JulieWalters@gmail.com|JiWts|9!31Tim8zh|1985-06-09|79003|064.703.7930x689|employee|/static/user_profile_pictures/pexels-photo-206445.jpeg
492|Christopher|Burke|ChristopherBurke@yahoo.com|CioeBk|$w$o_Smu(3|1992-05-22|92421|1-635-874-2777|account|/static/user_profile_pictures/pexels-photo-539727.jpeg
493|Kevin|Kelly|KevinKelly@fastmail.com|KiKl|ai2)SgUOa)|2001-01-22|69460|465.360.6237x789|radio|/static/user_profile_pictures/pexels-photo-206445.jpeg
494|Brenda|Pham|BrendaPham@hotmail.com|BnPm|N^qv7P+z@0|1999-04-16|60426|323.495.8008|rise|/static/user_profile_pictures/pexels-photo-769746.jpeg
495|Kyle|Sherman|KyleSherman@hotmail.com|KeSrn|(hN#CYKh^4|1988-11-14|01830|015.373.6468x812|general|/static/user_profile_pictures/pexels-photo-237593.jpeg
496|Laura|Mcmillan|LauraMcmillan@aol.com|LrMia|%m2vz6OzA_|1981-02-22|82816|1-505-142-7702x23368|father|/static/user_profile_pictures/pexels-photo-634030.jpeg
497|Mary|Miranda|MaryMiranda@fastmail.com|MyMaa|Z#3FcUOoEv|1991-11-20|42456|1-833-833-8515x403|stop|/static/user_profile_pictures/pexels-photo-354951.jpeg
498|Joseph|Morton|JosephMorton@hotmail.com|JeMt|f7ckY_$uf(|1985-10-13|48490|306.505.8264|fill|/static/user_profile_pictures/pexels-photo-774909.jpeg
499|Michael|Gill|MichaelGill@hotmail.com|MhlGl|%vweX9Rne5|1990-06-13|11751|(859)369-9870|century|/static/user_profile_pictures/pexels-photo-681793.jpeg
